<?xml version="1.0" encoding="windows-1252"?>
<Collection name="Newsletter 2" guid="{B1853855-4E37-4099-9972-C1A9455EFA05}" system="No" updatable="Yes" blockNavigatorNode="No">
	<HelpLink>http://support.contensive.com/Newsletter-add-on</HelpLink>
	<Help></Help>
	<Addon name="Newsletter 2" guid="{E56A34E0-E013-41CB-87F6-52F22D5F7694}" type="Add-on">
		<Copy></Copy>
		<CopyText></CopyText>
		<ActiveXProgramID></ActiveXProgramID>
		<DotNetClass><![CDATA[newsletter2.newsletterClass]]></DotNetClass>
		<ArgumentList><![CDATA[Newsletter=0[Created for this page:0|listid(newsletters)]]]></ArgumentList>
		<AsAjax>No</AsAjax>
		<Filter>No</Filter>
		<Help></Help>
		<HelpLink></HelpLink>
		<Icon Link="" width="0" height="0" sprites="0" />
		<InIframe>No</InIframe>
		<BlockEditTools>No</BlockEditTools>
		<FormXML></FormXML>
		<IsInline>No</IsInline>
		<JavascriptOnLoad></JavascriptOnLoad>
		<JavascriptInHead></JavascriptInHead>
		<JavascriptBodyEnd></JavascriptBodyEnd>
		<MetaDescription></MetaDescription>
		<OtherHeadTags></OtherHeadTags>
		<Content>Yes</Content>
		<Template>Yes</Template>
		<Email>No</Email>
		<Admin>No</Admin>
		<OnPageEndEvent>No</OnPageEndEvent>
		<OnPageStartEvent>No</OnPageStartEvent>
		<OnBodyStart>No</OnBodyStart>
		<OnBodyEnd>No</OnBodyEnd>
		<RemoteMethod>No</RemoteMethod>
		<ProcessRunOnce>No</ProcessRunOnce>
		<ProcessInterval>0</ProcessInterval>
		<PageTitle></PageTitle>
		<RemoteAssetLink></RemoteAssetLink>
		<Styles></Styles>
		<Scripting Language="" EntryPoint="" Timeout="5000"/>
	</Addon>
	<data>
		<record content="layouts" guid="{24AB7755-C205-4C12-AE51-A58F885F1596}" name="Newsletter Template Default">
			<field name="ACTIVE">True</field>
			<field name="SORTORDER"></field>
			<field name="Layout"><![CDATA[<style>
	/* define to match inline styles (for email) and over-ride site stylesheets (for pages) */
	#newsTemplate div
	,#newsTemplate p
	,#newsTemplate li
	,#newsTemplate td {
		font-family:georgia,serif;
		font-size:14px;
		font-weight:normal;
	}
	#newsTemplate h1
	,#newsTemplate h2
	,#newsTemplate h3
	,#newsTemplate h4
	,#newsTemplate .newsCoverListCaption
	,#newsTemplate .newsNavCaption
	,#newsTemplate .newsBodyCaption
	{
		font-family:helvetica,san-serif;
		font-size:16px;
		font-weight:bold;
	}
	#newsTemplate .newsNavItemCaption
	{
		font-family:helvetica,san-serif;
		font-size:14px;
	}
	#newsTemplate .newsNavStoryItem
	{
		font-family:helvetica,san-serif;
		font-size:14px;
	}
	#newsTemplate .newsNavCategoryItem
	{
		font-family:helvetica,san-serif;
		font-size:14px;
	}
	#newsTemplate .newsCoverCategoryItem
	{
		color:#fff;
		background-color:#4a4;
		font-family:helvetica,san-serif;
		font-size:16px;
		font-weight:bold
	}
	#newsTemplate .newsCoverListReadMoreCaption
	{
		font-family:helvetica,san-serif;
		font-size:12px;
		font-weight:normal;
	}
	
</style>
<div id="newsTemplate" style="width:600px;margin:0 auto;font-family:georgia,serif;font-size:14px;">
	<table style="border:none;BORDER-COLLAPSE:collapse;TEXT-ALIGN: left; MARGIN: 0px; WIDTH: 600px" cellpadding="0">
		<tbody>
			<tr align="left">
				<td style="border:none;TEXT-ALIGN:left;overflow:hidden;" colspan="2">
					<div style="width:600px;height:246px">
						<img width="600" height="246 "border="0" alt="" src="/images/FpiEBHeaderFPI.jpg">
					</div>
					<div style="width:600px;border-bottom:1px solid #ddd;font-weight:bold;margin-top:10px;font-family:helvetica,san-serif;font-size:16px;margin: 0;padding: 0;line-height: 24px;color: #888;" class="newsIssueCaption">
						Issue Caption
					</div>
				</td>
			</tr>
			<tr>
				<td width="200" style="width:200px;border: none; vertical-align:top; WORD-SPACING: 0px; TEXT-ALIGN: left; LETTER-SPACING: 0px">
					<div class="newsNav" style="padding:20px 10px 0 10px;">
						<div class="newsNavCaption" style="font-weight:bold;margin-top:10px;font-family:helvetica,san-serif;font-size:16px;">In This Issue</div>
						<div class="newsNavList">
							<div class="newsNavCategoryItem" style="padding:10px 0 0 10px;"><span class="newsNavItemCaption" style="font-family:helvetica,san-serif;font-size:14px;font-weight:bold;">Category</span></div>
							<div class="newsNavStoryItem" style="padding:5px 0 0 10px;"><a class="newsNavItemAnchor" href="?"><span class="newsNavItemCaption" style="font-family:helvetica,san-serif;font-size:12px;font-weight:normal;">Home</span></a></div>
						</div>
					</div>
				</td>
				<td width="400" style="width:400px;border:none;vertical-align:top;text-align:left;font-family:georgia,serif;font-size:14px;font-weight:normal;">
				<div class="newsCover" style="padding:20px 10px 0 10px;">
						<div class="newsCoverList">
							<div class="newsCoverCategoryItem" style="padding:10px;color:#fff;background-color:#4a4;font-family:helvetica,san-serif;font-size:16px;">
								Industry news
							</div>
							<div class="newsCoverStoryItem" style="margin:10px 0 0 0;border-top:1px solid #888;">
								<div class="newsCoverListCaption" style="font-weight:bold;margin-top:10px;font-family:helvetica,san-serif;font-size:16px;">Story Headline</div>
								<div class="newsCoverListOverview" style="font-family:georgia,serif;font-size:14px;">
									<p>Lorem ipsum dolor sit amet, consectetur adipiscing elit. Sed non tortor ac nisl dignissim mollis. Quisque sapien sem, varius ut pulvinar at, rhoncus id leo. Mauris convallis condimentum ipsum ac consequat. Maecenas eu neque lacus, quis tempor nisl. In ut massa eu tellus ultricies adipiscing. Curabitur vel tincidunt justo. In euismod blandit erat eget scelerisque.</p>
								</div>
								<div class="newsCoverListReadMore"><a class="newsCoverListReadMoreAnchor" href="?"><span class="newsCoverListReadMoreCaption">Read More</span></a></div>
							</div>
						</div>
					</div>
					<div class="newsBody" style="padding:20px 10px 0 10px">
						<div class="newsBodyCaption" style="font-weight:bold;margin-top:10px;font-family:helvetica,san-serif;font-size:16px;">Story Headline</div>
						<div class="newsBodyStory" style="font-family:georgia,serif;font-size:14px;">
							<p>Lorem ipsum dolor sit amet, consectetur adipiscing elit. Sed non tortor ac nisl dignissim mollis. Quisque sapien sem, varius ut pulvinar at, rhoncus id leo. Mauris convallis condimentum ipsum ac consequat. Maecenas eu neque lacus, quis tempor nisl. In ut massa eu tellus ultricies adipiscing. Curabitur vel tincidunt justo. In euismod blandit erat eget scelerisque.</p>
							<p>Lorem ipsum dolor sit amet, consectetur adipiscing elit. Sed non tortor ac nisl dignissim mollis. Quisque sapien sem, varius ut pulvinar at, rhoncus id leo. Mauris convallis condimentum ipsum ac consequat. Maecenas eu neque lacus, quis tempor nisl. In ut massa eu tellus ultricies adipiscing. Curabitur vel tincidunt justo. In euismod blandit erat eget scelerisque.</p>
							<p>Lorem ipsum dolor sit amet, consectetur adipiscing elit. Sed non tortor ac nisl dignissim mollis. Quisque sapien sem, varius ut pulvinar at, rhoncus id leo. Mauris convallis condimentum ipsum ac consequat. Maecenas eu neque lacus, quis tempor nisl. In ut massa eu tellus ultricies adipiscing. Curabitur vel tincidunt justo. In euismod blandit erat eget scelerisque.</p>
							<p>Lorem ipsum dolor sit amet, consectetur adipiscing elit. Sed non tortor ac nisl dignissim mollis. Quisque sapien sem, varius ut pulvinar at, rhoncus id leo. Mauris convallis condimentum ipsum ac consequat. Maecenas eu neque lacus, quis tempor nisl. In ut massa eu tellus ultricies adipiscing. Curabitur vel tincidunt justo. In euismod blandit erat eget scelerisque.</p>
						</div>
					</div>
					<div class="newsArchive" style="padding:20px 10px 0 10px;">
						<div class="newsArchiveCaption" style="font-weight:bold;margin-top:10px;font-family:helvetica,san-serif;font-size:16px;">Archive Issues</div>
						<div class="newsArchiveList" style="margin:0 0 10px 0;">
							<div class="newsArchiveListItem" style="margin:10px 0 0;border-top:1px solid #888;">
								<div style="margin:10px 0 0;">
									<a href="?"><span class="newsArchiveListCaption" style="font-weight:bold;font-family:helvetica,san-serif;font-size:16px;">Archived Issue</span></a>
								</div>
								<div class="newsArchiveListOverview" style="margin:10px 0 0;font-family:georgia,serif;font-size:14px;">
									<p>newsListOverview- Lorem ipsum dolor sit amet, consectetur adipiscing elit. Sed non tortor ac nisl dignissim mollis. Quisque sapien sem, varius ut pulvinar at, rhoncus id leo. Mauris convallis condimentum ipsum ac consequat. Maecenas eu neque lacus, quis tempor nisl. In ut massa eu tellus ultricies adipiscing. Curabitur vel tincidunt justo. In euismod blandit erat eget scelerisque.</p>
								</div>
							</div>
						</div>
					</div>
					<div class="newsSearch" style="padding:20px 10px 0 10px;">
						<div class="newsSearchCaption" style="font-weight:bold;margin-top:10px;font-family:helvetica,san-serif;font-size:16px;">Archive Issues</div>
						<div class="newsSearchList">
							<div class="newsSearchListItem">
								<div>
									<a href="?"><span class="newsSearchListCaption"  style="font-weight:bold;margin-top:10px;font-family:helvetica,san-serif;font-size:16px;">Archived Issue</span></a>
								</div>
								<div class="newsSearchListOverview" style="font-family:georgia,serif;font-size:14px;">
									<p>newsListOverview- Lorem ipsum dolor sit amet, consectetur adipiscing elit. Sed non tortor ac nisl dignissim mollis. Quisque sapien sem, varius ut pulvinar at, rhoncus id leo. Mauris convallis condimentum ipsum ac consequat. Maecenas eu neque lacus, quis tempor nisl. In ut massa eu tellus ultricies adipiscing. Curabitur vel tincidunt justo. In euismod blandit erat eget scelerisque.</p>
								</div>
								<div class="newsSearchListReadMore"><a class="newsSearchListReadMoreAnchor" href="?bid=67&amp;issuepage=1&amp;formid=400"><span class="newsSearchListReadMoreCaption">Read More</span></a></div>
							</div>
						</div>
					</div>
				</td>
			</tr>
			<tr>
				<td style="border: none;TEXT-ALIGN:center;overflow:hidden;" colspan="2">	
					<div style="width:600px;height:169px;TEXT-ALIGN: left">
						<img width="600" height="169" border="0" alt="" src="/images/FpiEBfooterFPI.jpg">
					</div>
				</td>
			</tr>
		</tbody>
	</table>
</div>]]></field>
			<field name="StylesFilename"></field>
		</record>
		<record content="layouts" guid="{5CBE8DAB-4CC0-4114-BADB-248D7929C486}" name="Newsletter Issue Default">
			<field name="ACTIVE">True</field>
			<field name="SORTORDER"></field>
			<field name="Layout"><![CDATA[<p>Congratulations!</p>
<p>You have created the first issue of your newsletter. Here are a few suggestions to help you customize it.</p>
<p>You can always get online help at <a target="_blank" href="http://support.contensive.com/Newsletter-add-on">http://support.contensive.com/Newsletter-add-on</a>. This link is available on the admin navigator.</p>
<p>The newsletter can have many issues. For instance, you may publish a new issue of the newsletter each month. The most current issue will appear on your website. older issues will be available through the Archives link that appears when you more more than one issue.</p>
<p>Each issue has a cover page (what you are reading now) as well as many stories. All the stories of an issue will be listed on the cover page. Click on them to read more.</p>
<p>To add or modify issues and stories, log in and turn on edit. Edit icons will appear, and you get a tool panel under the newsletter.</p>
<p>You can create an email from a newsletter from this tool panel.</p>
<p>Good luck!</p>]]></field>
			<field name="StylesFilename"></field>
		</record>
		<record content="layouts" guid="{C10A769F-CB9B-4E69-AFCC-858852E90782}" name="Newsletter Default Story Overview">
			<field name="ACTIVE">True</field>
			<field name="SORTORDER"></field>
			<field name="Layout"><![CDATA[<p>This is the first story of your new newsletter. This block of copy is called the overview and appears on the cover of the newsletter.</p>]]></field>
			<field name="StylesFilename"></field>
		</record>
		<record content="layouts" guid="{4A1A2A6B-E422-464E-B76F-5C254E31E1EF}" name="Newsletter Default Story Copy">
			<field name="ACTIVE">True</field>
			<field name="SORTORDER"></field>
			<field name="Layout"><![CDATA[<p>This is the first story of your new newsletter.  This is the full copy of your newsletter.</p>
<p>This story will appear on a page of its own so it can be as long as you need. You can edit this copy from the newsletter page, or from the admin site under Manage Addons, Newsletter 2.</p>
<p style="margin-top: 0px; margin-bottom: 14px;">Lorem ipsum dolor sit amet, consectetur adipiscing elit. Praesent risus odio, scelerisque pretium adipiscing nec, lacinia vel mi. In viverra blandit libero, et consequat magna convallis rutrum. Quisque cursus, metus eu dictum luctus, neque nunc accumsan nisl, vel dapibus urna arcu at urna. Phasellus rutrum sem id libero interdum vitae rhoncus massa adipiscing. Sed non ligula non massa mattis mollis. Suspendisse turpis felis, ornare vel mollis vel, commodo ut risus. Maecenas sapien magna, congue ut vulputate ut, convallis quis mi. </p>
<p style="margin-top: 0px; margin-bottom: 14px;">Vestibulum bibendum, magna vel molestie convallis, sem orci molestie purus, in vulputate quam velit in massa. Maecenas lobortis lobortis ullamcorper. Curabitur scelerisque nisi tellus, at egestas mi. Praesent interdum magna vel justo auctor at convallis orci luctus. Maecenas tristique, neque nec auctor tincidunt, diam urna gravida purus, at sagittis leo nulla volutpat massa. Class aptent taciti sociosqu ad litora torquent per conubia nostra, per inceptos himenaeos. Integer tristique dui sed orci semper quis tincidunt tellus ullamcorper. Proin semper, nibh nec congue pretium, tortor neque dapibus risus, at semper enim risus ac leo. Quisque adipiscing pretium libero non dictum.</p>
<p style="margin-top: 0px; margin-bottom: 14px;">Nam vulputate sem sit amet enim scelerisque dictum. Vivamus ac imperdiet augue. Pellentesque eget ipsum leo, a consequat tellus. Cras cursus fringilla nisl, quis sagittis tortor sollicitudin ultrices. Mauris non purus ac velit rhoncus rutrum at a erat. Morbi rhoncus elit sed magna congue sagittis. Praesent sagittis sem ut ante semper ac congue orci mollis. Ut nisl lacus, feugiat at faucibus in, porttitor non nibh. Sed nunc arcu, faucibus et vestibulum eleifend, adipiscing quis nibh. Integer egestas felis eu tortor cursus feugiat. Sed in dui a velit viverra ullamcorper. Vestibulum ac justo in tortor lacinia porta vitae quis eros.</p>
<p>&nbsp;</p>]]></field>
			<field name="StylesFilename"></field>
		</record>
		<record content="layouts" guid="{02FCBD4C-C610-493B-AA44-453DD3D8865A}" name="Newsletter Template Default Email">
			<field name="ACTIVE">True</field>
			<field name="SORTORDER"></field>
			<field name="Layout"><![CDATA[<style>
	/* define to match inline styles (for email) and over-ride site stylesheets (for pages) */
	#newsTemplate div
	,#newsTemplate p
	,#newsTemplate li
	,#newsTemplate td {
		font-family:georgia,serif;
		font-size:14px;
		font-weight:normal
	}
	#newsTemplate h1
	,#newsTemplate h2
	,#newsTemplate h3
	,#newsTemplate h4
	,#newsTemplate .newsCoverListCaption
	,#newsTemplate .newsNavCaption
	,#newsTemplate .newsBodyCaption
	{
		font-family:helvetica,san-serif;
		font-size:16px;
		font-weight:bold
	}
	#newsTemplate .newsNavItemCaption
	{
		font-family:helvetica,san-serif;
		font-size:14px;
	}
	#newsTemplate .newsCoverCategoryItem
	{
		color:#fff;
		background-color:#4a4;
		font-family:helvetica,san-serif;
		font-size:16px;
		font-weight:bold
	}
	#newsTemplate .newsCoverListReadMoreCaption
	{
		font-family:helvetica,san-serif;
		font-size:12px;
		font-weight:normal;
	}
	
</style>
<div id="newsTemplate" style="width:600px;margin:0 auto;font-family:georgia,serif;font-size:14px;">
	<table style="border:none;BORDER-COLLAPSE:collapse;TEXT-ALIGN: left; MARGIN: 0px; WIDTH: 600px" cellpadding="0">
		<tbody>
			<tr align="left">
				<td style="border:none;TEXT-ALIGN:left;overflow:hidden;">
					<div style="width:600px;height:246px">
						<img width="600" height="246 "border="0" alt="Welcome to Our Newsletter" title="Welcome to Our Newsletter" src="/images/FpiEBHeaderFPI.jpg">
					</div>
					<div style="width:600px;border-bottom:1px solid #ddd;font-weight:bold;margin-top:10px;font-family:helvetica,san-serif;font-size:16px;margin: 0;padding: 0;line-height: 24px;color: #888;" class="newsIssueCaption">
						Issue Caption
					</div>
				</td>
			</tr>
			<tr>
				<td style=";border: none; vertical-align:top; WORD-SPACING: 0px; TEXT-ALIGN: left; LETTER-SPACING: 0px">
					<div class="newsCover" style="padding:20px 10px 0 10px;">
						<div class="newsCoverList">
							<div class="newsCoverCategoryItem" style="padding:10px;color:#fff;background-color:#4a4;font-family:helvetica,san-serif;font-size:16px;">
								Industry news
							</div>
							<div class="newsCoverStoryItem" style="margin:10px 0 0 0;border-top:1px solid #888;">
								<div class="newsCoverListCaption" style="font-weight:bold;margin-top:10px;font-family:helvetica,san-serif;font-size:16px;">Story Headline</div>
								<div class="newsCoverListOverview" style="font-family:georgia,serif;font-size:14px;">
									<p>Lorem ipsum dolor sit amet, consectetur adipiscing elit. Sed non tortor ac nisl dignissim mollis. Quisque sapien sem, varius ut pulvinar at, rhoncus id leo. Mauris convallis condimentum ipsum ac consequat. Maecenas eu neque lacus, quis tempor nisl. In ut massa eu tellus ultricies adipiscing. Curabitur vel tincidunt justo. In euismod blandit erat eget scelerisque.</p>
								</div>
								<div class="newsCoverListReadMore"><a class="newsCoverListReadMoreAnchor" href="?"><span class="newsCoverListReadMoreCaption">Read More</span></a></div>
							</div>
						</div>
					</div>
				</td>
			</tr>
			<tr>
				<td style="border: none;TEXT-ALIGN:center;overflow:hidden;">	
					<div style="width:600px;height:169px;TEXT-ALIGN: left">
						<img width="600" height="169" border="0" src="/images/FpiEBfooterFPI.jpg" alt="Welcome" title="Welcome" >
					</div>
				</td>
			</tr>
		</tbody>
	</table>
</div>]]></field>
			<field name="StylesFilename"></field>
		</record>
	</data>
	<CDef Name="Newsletter Issue Category Rules" Active="1" AdminOnly="0" AllowAdd="1" AllowCalendarEvents="0" AllowContentChildTool="0" AllowContentTracking="0" AllowDelete="1" AllowMetaContent="0" AllowTopicRules="0" AllowWorkflowAuthoring="0" AuthoringDataSourceName="Default" AuthoringTableName="NewsletterIssueCategoryRules" ContentDataSourceName="Default" ContentTableName="NewsletterIssueCategoryRules" DefaultSortMethod="By Name" DeveloperOnly="1" DropDownFieldList="NAME" EditorGroupName="Content Editors" Parent="" IconLink="" IconHeight="0" IconWidth="0" IconSprites="0" isbasecontent="0" guid="{AB3FB4C8-549B-41DA-9EEE-6883BDE11238}" >
		<Field Name="Name" active="True" AdminOnly="False" Authorable="True" Caption="Name" DeveloperOnly="False" EditSortPriority="110" FieldType="Text" HTMLContent="False" IndexColumn="0" IndexSortDirection="" IndexSortOrder="0" IndexWidth="0" RedirectID="0" RedirectPath="" Required="False" TextBuffered="False" UniqueName="False" DefaultValue="" RSSTitle="False" RSSDescription="False" MemberSelectGroupID="0" EditTab="" Scramble="False" LookupList="" NotEditable="False" Password="False" ReadOnly="False" ManyToManyRulePrimaryField="" ManyToManyRuleSecondaryField="" IsModified="False" IsBaseField="False" LookupContent="" RedirectContent="" ManyToManyContent="" ManyToManyRuleContent="" ></Field>
		<Field Name="Active" active="True" AdminOnly="False" Authorable="True" Caption="Active" DeveloperOnly="False" EditSortPriority="200" FieldType="Boolean" HTMLContent="False" IndexColumn="0" IndexSortDirection="" IndexSortOrder="0" IndexWidth="0" RedirectID="0" RedirectPath="" Required="False" TextBuffered="False" UniqueName="False" DefaultValue="1" RSSTitle="False" RSSDescription="False" MemberSelectGroupID="0" EditTab="" Scramble="False" LookupList="" NotEditable="False" Password="False" ReadOnly="False" ManyToManyRulePrimaryField="" ManyToManyRuleSecondaryField="" IsModified="False" IsBaseField="False" LookupContent="" RedirectContent="" ManyToManyContent="" ManyToManyRuleContent="" ></Field>
		<Field Name="SortOrder" active="True" AdminOnly="False" Authorable="True" Caption="Sort Order" DeveloperOnly="False" EditSortPriority="500" FieldType="Text" HTMLContent="False" IndexColumn="-1" IndexSortDirection="" IndexSortOrder="0" IndexWidth="0" RedirectID="" RedirectPath="" Required="False" TextBuffered="False" UniqueName="False" DefaultValue="0" RSSTitle="False" RSSDescription="False" MemberSelectGroupID="0" EditTab="" Scramble="False" LookupList="" NotEditable="False" Password="False" ReadOnly="False" ManyToManyRulePrimaryField="" ManyToManyRuleSecondaryField="" IsModified="False" IsBaseField="False" LookupContent="" RedirectContent="" ManyToManyContent="" ManyToManyRuleContent="" ></Field>
		<Field Name="NewsletterIssueID" active="True" AdminOnly="False" Authorable="True" Caption="Issue" DeveloperOnly="False" EditSortPriority="300" FieldType="Lookup" HTMLContent="False" IndexColumn="0" IndexSortDirection="" IndexSortOrder="99" IndexWidth="50" RedirectID="0" RedirectPath="" Required="False" TextBuffered="False" UniqueName="False" DefaultValue="" RSSTitle="False" RSSDescription="False" MemberSelectGroupID="0" EditTab="" Scramble="False" LookupList="" NotEditable="False" Password="False" ReadOnly="False" ManyToManyRulePrimaryField="" ManyToManyRuleSecondaryField="" IsModified="False" IsBaseField="False" LookupContent="Newsletter Issues" RedirectContent="" ManyToManyContent="" ManyToManyRuleContent="" ></Field>
		<Field Name="CategoryID" active="True" AdminOnly="False" Authorable="True" Caption="Category" DeveloperOnly="False" EditSortPriority="400" FieldType="Lookup" HTMLContent="False" IndexColumn="0" IndexSortDirection="" IndexSortOrder="99" IndexWidth="50" RedirectID="0" RedirectPath="" Required="False" TextBuffered="False" UniqueName="False" DefaultValue="" RSSTitle="False" RSSDescription="False" MemberSelectGroupID="0" EditTab="" Scramble="False" LookupList="" NotEditable="False" Password="False" ReadOnly="False" ManyToManyRulePrimaryField="" ManyToManyRuleSecondaryField="" IsModified="False" IsBaseField="False" LookupContent="Newsletter Categories" RedirectContent="" ManyToManyContent="" ManyToManyRuleContent="" ></Field>
	</CDef>
	<CDef Name="Newsletter Stories" Active="1" AdminOnly="0" AllowAdd="1" AllowCalendarEvents="0" AllowContentChildTool="0" AllowContentTracking="0" AllowDelete="1" AllowMetaContent="0" AllowTopicRules="0" AllowWorkflowAuthoring="0" AuthoringDataSourceName="Default" AuthoringTableName="NewsletterIssuePages" ContentDataSourceName="Default" ContentTableName="NewsletterIssuePages" DefaultSortMethod="By Name" DeveloperOnly="0" DropDownFieldList="NAME" EditorGroupName="Content Editors" Parent="" IconLink="" IconHeight="0" IconWidth="0" IconSprites="0" isbasecontent="0" guid="{BC6DC9D5-FF99-4560-A029-967CDD1405D5}" >
		<Field Name="Name" active="True" AdminOnly="False" Authorable="True" Caption="Name" DeveloperOnly="False" EditSortPriority="110" FieldType="Text" HTMLContent="False" IndexColumn="0" IndexSortDirection="1" IndexSortOrder="0" IndexWidth="0" RedirectID="0" RedirectPath="" Required="False" TextBuffered="False" UniqueName="False" DefaultValue="" RSSTitle="False" RSSDescription="False" MemberSelectGroupID="0" EditTab="" Scramble="False" LookupList="" NotEditable="False" Password="False" ReadOnly="False" ManyToManyRulePrimaryField="" ManyToManyRuleSecondaryField="" IsModified="False" IsBaseField="False" LookupContent="" RedirectContent="" ManyToManyContent="" ManyToManyRuleContent="" >
			<HelpDefault>This is the name of your story.</HelpDefault>
		</Field>
		<Field Name="Active" active="True" AdminOnly="False" Authorable="True" Caption="Active" DeveloperOnly="False" EditSortPriority="200" FieldType="Boolean" HTMLContent="False" IndexColumn="0" IndexSortDirection="" IndexSortOrder="0" IndexWidth="0" RedirectID="0" RedirectPath="" Required="False" TextBuffered="False" UniqueName="False" DefaultValue="1" RSSTitle="False" RSSDescription="False" MemberSelectGroupID="0" EditTab="" Scramble="False" LookupList="" NotEditable="False" Password="False" ReadOnly="False" ManyToManyRulePrimaryField="" ManyToManyRuleSecondaryField="" IsModified="False" IsBaseField="False" LookupContent="" RedirectContent="" ManyToManyContent="" ManyToManyRuleContent="" >
			<HelpDefault>Mark this story inactive will prevent it from displaying in the issue.</HelpDefault>
		</Field>
		<Field Name="SortOrder" active="True" AdminOnly="False" Authorable="True" Caption="Sort Order" DeveloperOnly="False" EditSortPriority="900" FieldType="Text" HTMLContent="False" IndexColumn="-1" IndexSortDirection="" IndexSortOrder="0" IndexWidth="0" RedirectID="" RedirectPath="" Required="False" TextBuffered="False" UniqueName="False" DefaultValue="zzz" RSSTitle="False" RSSDescription="False" MemberSelectGroupID="0" EditTab="" Scramble="False" LookupList="" NotEditable="False" Password="False" ReadOnly="False" ManyToManyRulePrimaryField="" ManyToManyRuleSecondaryField="" IsModified="False" IsBaseField="False" LookupContent="" RedirectContent="" ManyToManyContent="" ManyToManyRuleContent="" >
			<HelpDefault>This field determines the order which stories will be displayed on the cover page of the issue, and in the issue navigation.</HelpDefault>
		</Field>
		<Field Name="NewsletterID" active="True" AdminOnly="False" Authorable="True" Caption="Issue" DeveloperOnly="False" EditSortPriority="1000" FieldType="Lookup" HTMLContent="False" IndexColumn="1" IndexSortDirection="" IndexSortOrder="0" IndexWidth="50" RedirectID="0" RedirectPath="" Required="False" TextBuffered="False" UniqueName="False" DefaultValue="" RSSTitle="False" RSSDescription="False" MemberSelectGroupID="0" EditTab="" Scramble="False" LookupList="" NotEditable="False" Password="False" ReadOnly="False" ManyToManyRulePrimaryField="" ManyToManyRuleSecondaryField="" IsModified="False" IsBaseField="False" LookupContent="Newsletter Issues" RedirectContent="" ManyToManyContent="" ManyToManyRuleContent="" >
			<HelpDefault>This is the issue in which this story appears.</HelpDefault>
		</Field>
		<Field Name="CategoryID" active="True" AdminOnly="False" Authorable="True" Caption="Category" DeveloperOnly="False" EditSortPriority="1000" FieldType="Lookup" HTMLContent="False" IndexColumn="1" IndexSortDirection="" IndexSortOrder="0" IndexWidth="50" RedirectID="0" RedirectPath="" Required="False" TextBuffered="False" UniqueName="False" DefaultValue="" RSSTitle="False" RSSDescription="False" MemberSelectGroupID="0" EditTab="" Scramble="False" LookupList="" NotEditable="False" Password="False" ReadOnly="False" ManyToManyRulePrimaryField="" ManyToManyRuleSecondaryField="" IsModified="False" IsBaseField="False" LookupContent="Newsletter Categories" RedirectContent="" ManyToManyContent="" ManyToManyRuleContent="" >
			<HelpDefault>Use optional categories to separate your stories into groups.</HelpDefault>
		</Field>
		<Field Name="Overview" active="True" AdminOnly="False" Authorable="True" Caption="Overview" DeveloperOnly="False" EditSortPriority="1100" FieldType="HTML" HTMLContent="False" IndexColumn="-1" IndexSortDirection="" IndexSortOrder="0" IndexWidth="0" RedirectID="" RedirectPath="" Required="False" TextBuffered="False" UniqueName="False" DefaultValue="" RSSTitle="False" RSSDescription="False" MemberSelectGroupID="0" EditTab="" Scramble="False" LookupList="" NotEditable="False" Password="False" ReadOnly="False" ManyToManyRulePrimaryField="" ManyToManyRuleSecondaryField="" IsModified="False" IsBaseField="False" LookupContent="" RedirectContent="" ManyToManyContent="" ManyToManyRuleContent="" >
			<HelpDefault>This is the overview for this story. It is displayed on the newsletter cover under the link to the story. This copy will also be used in the RSS feed for the newsletter.</HelpDefault>
		</Field>
		<Field Name="Body" active="True" AdminOnly="False" Authorable="True" Caption="Copy" DeveloperOnly="False" EditSortPriority="1200" FieldType="HTML" HTMLContent="False" IndexColumn="-1" IndexSortDirection="" IndexSortOrder="0" IndexWidth="0" RedirectID="" RedirectPath="" Required="False" TextBuffered="False" UniqueName="False" DefaultValue="" RSSTitle="False" RSSDescription="False" MemberSelectGroupID="0" EditTab="" Scramble="False" LookupList="" NotEditable="False" Password="False" ReadOnly="False" ManyToManyRulePrimaryField="" ManyToManyRuleSecondaryField="" IsModified="False" IsBaseField="False" LookupContent="" RedirectContent="" ManyToManyContent="" ManyToManyRuleContent="" >
			<HelpDefault>This is the main body of the story. It is included on the story&#39;s page, linked from front page and the In This Issue navigation</HelpDefault>
		</Field>
		<Field Name="AllowPrinterPage" active="True" AdminOnly="False" Authorable="True" Caption="Allow Printer Page" DeveloperOnly="False" EditSortPriority="1300" FieldType="Boolean" HTMLContent="False" IndexColumn="-1" IndexSortDirection="" IndexSortOrder="0" IndexWidth="0" RedirectID="" RedirectPath="" Required="False" TextBuffered="False" UniqueName="False" DefaultValue="0" RSSTitle="False" RSSDescription="False" MemberSelectGroupID="0" EditTab="" Scramble="False" LookupList="" NotEditable="False" Password="False" ReadOnly="False" ManyToManyRulePrimaryField="" ManyToManyRuleSecondaryField="" IsModified="False" IsBaseField="False" LookupContent="" RedirectContent="" ManyToManyContent="" ManyToManyRuleContent="" >
			<HelpDefault>Checking this box enables a print link at the top of the story.</HelpDefault>
		</Field>
		<Field Name="AllowEmailPage" active="True" AdminOnly="False" Authorable="True" Caption="Allow Email Page" DeveloperOnly="False" EditSortPriority="1400" FieldType="Boolean" HTMLContent="False" IndexColumn="-1" IndexSortDirection="" IndexSortOrder="0" IndexWidth="0" RedirectID="" RedirectPath="" Required="False" TextBuffered="False" UniqueName="False" DefaultValue="0" RSSTitle="False" RSSDescription="False" MemberSelectGroupID="0" EditTab="" Scramble="False" LookupList="" NotEditable="False" Password="False" ReadOnly="False" ManyToManyRulePrimaryField="" ManyToManyRuleSecondaryField="" IsModified="False" IsBaseField="False" LookupContent="" RedirectContent="" ManyToManyContent="" ManyToManyRuleContent="" >
			<HelpDefault>Checking this box enables an email link at the top of the story.</HelpDefault>
		</Field>
		<Field Name="AllowReadMore" active="True" AdminOnly="False" Authorable="True" Caption="Allow Read More" DeveloperOnly="False" EditSortPriority="1500" FieldType="Boolean" HTMLContent="False" IndexColumn="-1" IndexSortDirection="" IndexSortOrder="0" IndexWidth="0" RedirectID="" RedirectPath="" Required="False" TextBuffered="False" UniqueName="False" DefaultValue="1" RSSTitle="False" RSSDescription="False" MemberSelectGroupID="0" EditTab="" Scramble="False" LookupList="" NotEditable="False" Password="False" ReadOnly="False" ManyToManyRulePrimaryField="" ManyToManyRuleSecondaryField="" IsModified="False" IsBaseField="False" LookupContent="" RedirectContent="" ManyToManyContent="" ManyToManyRuleContent="" >
			<HelpDefault>When checked, the cover of the newsletter will display the overview copy and include a read-more link to the page with the whole story.</HelpDefault>
		</Field>
		<Field Name="RSSFeeds" active="True" AdminOnly="False" Authorable="True" Caption="RSS Feeds" DeveloperOnly="False" EditSortPriority="100" FieldType="ManyToMany" HTMLContent="False" IndexColumn="0" IndexSortDirection="" IndexSortOrder="0" IndexWidth="" RedirectID="" RedirectPath="" Required="False" TextBuffered="False" UniqueName="False" DefaultValue="" RSSTitle="False" RSSDescription="False" MemberSelectGroupID="0" EditTab="RSS Feeds" Scramble="False" LookupList="" NotEditable="False" Password="False" ReadOnly="False" ManyToManyRulePrimaryField="rssFeedID" ManyToManyRuleSecondaryField="newsletterIssuePageID" IsModified="False" IsBaseField="False" LookupContent="" RedirectContent="" ManyToManyContent="RSS Feeds" ManyToManyRuleContent="RSS Feed Newsletter Issue Page Rules" >
			<HelpDefault>(optional) Select the RSS feed(s) you would like this story to be included on. Enter each of the values below for the feed, or leave them blank and they will be automatically populated the first time this story is read on the website.</HelpDefault>
		</Field>
		<Field Name="RSSTitle" active="True" AdminOnly="False" Authorable="True" Caption="Title" DeveloperOnly="False" EditSortPriority="110" FieldType="Text" HTMLContent="False" IndexColumn="0" IndexSortDirection="" IndexSortOrder="0" IndexWidth="" RedirectID="" RedirectPath="" Required="False" TextBuffered="False" UniqueName="False" DefaultValue="" RSSTitle="False" RSSDescription="False" MemberSelectGroupID="0" EditTab="RSS Feeds" Scramble="False" LookupList="" NotEditable="False" Password="False" ReadOnly="False" ManyToManyRulePrimaryField="" ManyToManyRuleSecondaryField="" IsModified="False" IsBaseField="False" LookupContent="" RedirectContent="" ManyToManyContent="" ManyToManyRuleContent="" >
			<HelpDefault>The main title used for the RSS feed story. This is similar to the story name. Leave it blank and it will be automatically populated the first time the story is read on the website.</HelpDefault>
		</Field>
		<Field Name="RSSDescription" active="True" AdminOnly="False" Authorable="True" Caption="Description" DeveloperOnly="False" EditSortPriority="120" FieldType="LongText" HTMLContent="False" IndexColumn="0" IndexSortDirection="" IndexSortOrder="0" IndexWidth="" RedirectID="" RedirectPath="" Required="False" TextBuffered="False" UniqueName="False" DefaultValue="" RSSTitle="False" RSSDescription="False" MemberSelectGroupID="0" EditTab="RSS Feeds" Scramble="False" LookupList="" NotEditable="False" Password="False" ReadOnly="False" ManyToManyRulePrimaryField="" ManyToManyRuleSecondaryField="" IsModified="False" IsBaseField="False" LookupContent="" RedirectContent="" ManyToManyContent="" ManyToManyRuleContent="" >
			<HelpDefault>The description of the RSS feed story. This is similar to the story overview. Leave it blank and it will be automatically populated the first time the story is read on the website.</HelpDefault>
		</Field>
		<Field Name="RSSDatePublish" active="True" AdminOnly="False" Authorable="True" Caption="Date Publish" DeveloperOnly="False" EditSortPriority="130" FieldType="Date" HTMLContent="False" IndexColumn="0" IndexSortDirection="" IndexSortOrder="0" IndexWidth="" RedirectID="" RedirectPath="" Required="False" TextBuffered="False" UniqueName="False" DefaultValue="" RSSTitle="False" RSSDescription="False" MemberSelectGroupID="0" EditTab="RSS Feeds" Scramble="False" LookupList="" NotEditable="False" Password="False" ReadOnly="False" ManyToManyRulePrimaryField="" ManyToManyRuleSecondaryField="" IsModified="False" IsBaseField="False" LookupContent="" RedirectContent="" ManyToManyContent="" ManyToManyRuleContent="" >
			<HelpDefault>This is the date this story will become available on the RSS Feed. Since this date is independant of the story&#39;s issue publich date, you should take care not to make this available in the RSS feed if the link points to a story that is not yet published.</HelpDefault>
		</Field>
		<Field Name="RRSSDateExpire" active="True" AdminOnly="False" Authorable="True" Caption="Date Expires" DeveloperOnly="False" EditSortPriority="140" FieldType="Date" HTMLContent="False" IndexColumn="0" IndexSortDirection="" IndexSortOrder="0" IndexWidth="" RedirectID="" RedirectPath="" Required="False" TextBuffered="False" UniqueName="False" DefaultValue="" RSSTitle="False" RSSDescription="False" MemberSelectGroupID="0" EditTab="RSS Feeds" Scramble="False" LookupList="" NotEditable="False" Password="False" ReadOnly="False" ManyToManyRulePrimaryField="" ManyToManyRuleSecondaryField="" IsModified="False" IsBaseField="False" LookupContent="" RedirectContent="" ManyToManyContent="" ManyToManyRuleContent="" >
			<HelpDefault>After this date the story will no longer be available on the RSS feed.</HelpDefault>
		</Field>
		<Field Name="RSSLink" active="True" AdminOnly="False" Authorable="True" Caption="RSS Link Override" DeveloperOnly="False" EditSortPriority="150" FieldType="Link" HTMLContent="False" IndexColumn="0" IndexSortDirection="" IndexSortOrder="0" IndexWidth="" RedirectID="" RedirectPath="" Required="False" TextBuffered="False" UniqueName="False" DefaultValue="" RSSTitle="False" RSSDescription="False" MemberSelectGroupID="0" EditTab="RSS Feeds" Scramble="False" LookupList="" NotEditable="False" Password="False" ReadOnly="False" ManyToManyRulePrimaryField="" ManyToManyRuleSecondaryField="" IsModified="False" IsBaseField="False" LookupContent="" RedirectContent="" ManyToManyContent="" ManyToManyRuleContent="" >
			<HelpDefault>Enter the link which the RSS feed will use when someone clicks on the Title. This should take them to the story within the site. Leave it blank and it will be automatically populated the first time the story is read on the website.</HelpDefault>
		</Field>
	</CDef>
	<CDef Name="Newsletter Issues" Active="1" AdminOnly="0" AllowAdd="1" AllowCalendarEvents="0" AllowContentChildTool="0" AllowContentTracking="0" AllowDelete="1" AllowMetaContent="0" AllowTopicRules="0" AllowWorkflowAuthoring="0" AuthoringDataSourceName="Default" AuthoringTableName="NewsletterIssues" ContentDataSourceName="Default" ContentTableName="NewsletterIssues" DefaultSortMethod="By Name" DeveloperOnly="0" DropDownFieldList="NAME, PUBLISHDATE" EditorGroupName="Content Editors" Parent="" IconLink="" IconHeight="0" IconWidth="0" IconSprites="0" isbasecontent="0" guid="{DA2F692A-145F-4F25-9DED-7FA2760675CF}" >
		<Field Name="Name" active="True" AdminOnly="False" Authorable="True" Caption="Name" DeveloperOnly="False" EditSortPriority="110" FieldType="Text" HTMLContent="False" IndexColumn="0" IndexSortDirection="" IndexSortOrder="0" IndexWidth="0" RedirectID="0" RedirectPath="" Required="False" TextBuffered="False" UniqueName="False" DefaultValue="" RSSTitle="False" RSSDescription="False" MemberSelectGroupID="0" EditTab="" Scramble="False" LookupList="" NotEditable="False" Password="False" ReadOnly="False" ManyToManyRulePrimaryField="" ManyToManyRuleSecondaryField="" IsModified="False" IsBaseField="False" LookupContent="" RedirectContent="" ManyToManyContent="" ManyToManyRuleContent="" >
			<HelpDefault>The name of this issue. For instance, if this is the January issue of your Events newsletter, this name field might be January.</HelpDefault>
		</Field>
		<Field Name="Active" active="True" AdminOnly="False" Authorable="True" Caption="Active" DeveloperOnly="False" EditSortPriority="200" FieldType="Boolean" HTMLContent="False" IndexColumn="0" IndexSortDirection="" IndexSortOrder="0" IndexWidth="0" RedirectID="0" RedirectPath="" Required="False" TextBuffered="False" UniqueName="False" DefaultValue="1" RSSTitle="False" RSSDescription="False" MemberSelectGroupID="0" EditTab="" Scramble="False" LookupList="" NotEditable="False" Password="False" ReadOnly="False" ManyToManyRulePrimaryField="" ManyToManyRuleSecondaryField="" IsModified="False" IsBaseField="False" LookupContent="" RedirectContent="" ManyToManyContent="" ManyToManyRuleContent="" >
			<HelpDefault>Mark inactive to disable the view of this issue</HelpDefault>
		</Field>
		<Field Name="SortOrder" active="True" AdminOnly="False" Authorable="True" Caption="Alpha Sort Order" DeveloperOnly="False" EditSortPriority="2000" FieldType="Text" HTMLContent="False" IndexColumn="0" IndexSortDirection="" IndexSortOrder="0" IndexWidth="0" RedirectID="0" RedirectPath="" Required="False" TextBuffered="False" UniqueName="False" DefaultValue="" RSSTitle="False" RSSDescription="False" MemberSelectGroupID="0" EditTab="" Scramble="False" LookupList="" NotEditable="False" Password="False" ReadOnly="False" ManyToManyRulePrimaryField="" ManyToManyRuleSecondaryField="" IsModified="False" IsBaseField="False" LookupContent="" RedirectContent="" ManyToManyContent="" ManyToManyRuleContent="" >
			<HelpDefault>Use this field to set a sort order for the newsletter issues. If this field is blank the issues will be sorted by publish date.</HelpDefault>
		</Field>
		<Field Name="Cover" active="True" AdminOnly="False" Authorable="True" Caption="Cover" DeveloperOnly="False" EditSortPriority="1000" FieldType="HTMLFile" HTMLContent="True" IndexColumn="0" IndexSortDirection="" IndexSortOrder="0" IndexWidth="0" RedirectID="0" RedirectPath="" Required="False" TextBuffered="False" UniqueName="False" DefaultValue="" RSSTitle="False" RSSDescription="False" MemberSelectGroupID="0" EditTab="" Scramble="False" LookupList="" NotEditable="False" Password="False" ReadOnly="False" ManyToManyRulePrimaryField="" ManyToManyRuleSecondaryField="" IsModified="False" IsBaseField="False" LookupContent="" RedirectContent="" ManyToManyContent="" ManyToManyRuleContent="" >
			<HelpDefault>This is the cover copy for the newsletter. This copy will display at the top of the page when someone views the main page of the newsletter. This copy is not shown when displaying individual stories.</HelpDefault>
		</Field>
		<Field Name="Overview" active="True" AdminOnly="False" Authorable="True" Caption="Overview" DeveloperOnly="False" EditSortPriority="1050" FieldType="HTML" HTMLContent="True" IndexColumn="0" IndexSortDirection="" IndexSortOrder="0" IndexWidth="0" RedirectID="0" RedirectPath="" Required="False" TextBuffered="False" UniqueName="False" DefaultValue="" RSSTitle="False" RSSDescription="False" MemberSelectGroupID="0" EditTab="" Scramble="False" LookupList="" NotEditable="False" Password="False" ReadOnly="False" ManyToManyRulePrimaryField="" ManyToManyRuleSecondaryField="" IsModified="False" IsBaseField="False" LookupContent="" RedirectContent="" ManyToManyContent="" ManyToManyRuleContent="" >
			<HelpDefault>The Overview copy is a brief version of the cover copy, used when displaying a list of issues. For instance, this is displayed in the archive view.</HelpDefault>
		</Field>
		<Field Name="PublishDate" active="True" AdminOnly="False" Authorable="True" Caption="PublishDate" DeveloperOnly="False" EditSortPriority="1100" FieldType="Date" HTMLContent="False" IndexColumn="0" IndexSortDirection="" IndexSortOrder="99" IndexWidth="50" RedirectID="0" RedirectPath="" Required="False" TextBuffered="False" UniqueName="False" DefaultValue="" RSSTitle="False" RSSDescription="False" MemberSelectGroupID="0" EditTab="" Scramble="False" LookupList="" NotEditable="False" Password="False" ReadOnly="False" ManyToManyRulePrimaryField="" ManyToManyRuleSecondaryField="" IsModified="False" IsBaseField="False" LookupContent="" RedirectContent="" ManyToManyContent="" ManyToManyRuleContent="" >
			<HelpDefault>When set, this issue will not be visible on the public site until this date has passed. You might use this field when creating a new issue of the newsletter. Set it to a future date when you want to show this issue. While you are editing, you will still be able to see unpublished issues using the admin controls under the newsletter.</HelpDefault>
		</Field>
		<Field Name="NewsletterID" active="True" AdminOnly="False" Authorable="True" Caption="Newsletter" DeveloperOnly="False" EditSortPriority="900" FieldType="Lookup" HTMLContent="False" IndexColumn="0" IndexSortDirection="" IndexSortOrder="99" IndexWidth="50" RedirectID="0" RedirectPath="" Required="False" TextBuffered="False" UniqueName="False" DefaultValue="" RSSTitle="False" RSSDescription="False" MemberSelectGroupID="0" EditTab="" Scramble="False" LookupList="" NotEditable="False" Password="False" ReadOnly="False" ManyToManyRulePrimaryField="" ManyToManyRuleSecondaryField="" IsModified="False" IsBaseField="False" LookupContent="Newsletters" RedirectContent="" ManyToManyContent="" ManyToManyRuleContent="" >
			<HelpDefault>This is the newsletter that this issue is associated with. For instance, if this is the January issue of the Events newsletter, you would select Events in this list.</HelpDefault>
		</Field>
	</CDef>
	<CDef Name="Newsletter Templates" Active="1" AdminOnly="0" AllowAdd="1" AllowCalendarEvents="0" AllowContentChildTool="0" AllowContentTracking="0" AllowDelete="1" AllowMetaContent="0" AllowTopicRules="0" AllowWorkflowAuthoring="0" AuthoringDataSourceName="Default" AuthoringTableName="NewsletterTemplates" ContentDataSourceName="Default" ContentTableName="NewsletterTemplates" DefaultSortMethod="By Name" DeveloperOnly="0" DropDownFieldList="NAME" EditorGroupName="Content Editors" Parent="" IconLink="" IconHeight="0" IconWidth="0" IconSprites="0" isbasecontent="0" guid="{84D3FFD9-95D7-4161-9CFE-3371AA62835E}" >
		<Field Name="Name" active="True" AdminOnly="False" Authorable="True" Caption="Name" DeveloperOnly="False" EditSortPriority="110" FieldType="Text" HTMLContent="False" IndexColumn="0" IndexSortDirection="" IndexSortOrder="0" IndexWidth="0" RedirectID="0" RedirectPath="" Required="False" TextBuffered="False" UniqueName="False" DefaultValue="" RSSTitle="False" RSSDescription="False" MemberSelectGroupID="0" EditTab="" Scramble="False" LookupList="" NotEditable="False" Password="False" ReadOnly="False" ManyToManyRulePrimaryField="" ManyToManyRuleSecondaryField="" IsModified="False" IsBaseField="False" LookupContent="" RedirectContent="" ManyToManyContent="" ManyToManyRuleContent="" >
			<HelpDefault>The name you use for this template. This name will not be visible to people who see your newsletter. </HelpDefault>
		</Field>
		<Field Name="Active" active="True" AdminOnly="False" Authorable="True" Caption="Active" DeveloperOnly="False" EditSortPriority="200" FieldType="Boolean" HTMLContent="False" IndexColumn="0" IndexSortDirection="" IndexSortOrder="0" IndexWidth="0" RedirectID="0" RedirectPath="" Required="False" TextBuffered="False" UniqueName="False" DefaultValue="1" RSSTitle="False" RSSDescription="False" MemberSelectGroupID="0" EditTab="" Scramble="False" LookupList="" NotEditable="False" Password="False" ReadOnly="False" ManyToManyRulePrimaryField="" ManyToManyRuleSecondaryField="" IsModified="False" IsBaseField="False" LookupContent="" RedirectContent="" ManyToManyContent="" ManyToManyRuleContent="" ></Field>
		<Field Name="SortOrder" active="True" AdminOnly="False" Authorable="False" Caption="Alpha Sort Order" DeveloperOnly="False" EditSortPriority="2000" FieldType="Text" HTMLContent="False" IndexColumn="0" IndexSortDirection="" IndexSortOrder="0" IndexWidth="0" RedirectID="0" RedirectPath="" Required="False" TextBuffered="False" UniqueName="False" DefaultValue="" RSSTitle="False" RSSDescription="False" MemberSelectGroupID="0" EditTab="" Scramble="False" LookupList="" NotEditable="False" Password="False" ReadOnly="False" ManyToManyRulePrimaryField="" ManyToManyRuleSecondaryField="" IsModified="False" IsBaseField="False" LookupContent="" RedirectContent="" ManyToManyContent="" ManyToManyRuleContent="" ></Field>
		<Field Name="Template" active="True" AdminOnly="False" Authorable="True" Caption="Template" DeveloperOnly="False" EditSortPriority="1000" FieldType="HTML" HTMLContent="True" IndexColumn="0" IndexSortDirection="" IndexSortOrder="0" IndexWidth="0" RedirectID="0" RedirectPath="" Required="False" TextBuffered="False" UniqueName="False" DefaultValue="" RSSTitle="False" RSSDescription="False" MemberSelectGroupID="0" EditTab="" Scramble="False" LookupList="" NotEditable="False" Password="False" ReadOnly="False" ManyToManyRulePrimaryField="" ManyToManyRuleSecondaryField="" IsModified="False" IsBaseField="False" LookupContent="" RedirectContent="" ManyToManyContent="" ManyToManyRuleContent="" >
			<HelpDefault>This is the newsletter template. Since newsletters can generate a group email, it is recommended that you include all styles needed inlinem, and NOT reference styles from the site stylesheet.</HelpDefault>
		</Field>
	</CDef>
	<CDef Name="Newsletters" Active="1" AdminOnly="0" AllowAdd="1" AllowCalendarEvents="0" AllowContentChildTool="0" AllowContentTracking="0" AllowDelete="1" AllowMetaContent="0" AllowTopicRules="0" AllowWorkflowAuthoring="0" AuthoringDataSourceName="Default" AuthoringTableName="Newsletters" ContentDataSourceName="Default" ContentTableName="Newsletters" DefaultSortMethod="By Name" DeveloperOnly="0" DropDownFieldList="NAME" EditorGroupName="Content Editors" Parent="" IconLink="" IconHeight="0" IconWidth="0" IconSprites="0" isbasecontent="0" guid="{EE578D56-7BA8-454E-BB94-0495736EF462}" >
		<Field Name="Name" active="True" AdminOnly="False" Authorable="True" Caption="Name" DeveloperOnly="False" EditSortPriority="110" FieldType="Text" HTMLContent="False" IndexColumn="0" IndexSortDirection="" IndexSortOrder="0" IndexWidth="0" RedirectID="0" RedirectPath="" Required="False" TextBuffered="False" UniqueName="False" DefaultValue="" RSSTitle="False" RSSDescription="False" MemberSelectGroupID="0" EditTab="" Scramble="False" LookupList="" NotEditable="False" Password="False" ReadOnly="False" ManyToManyRulePrimaryField="" ManyToManyRuleSecondaryField="" IsModified="False" IsBaseField="False" LookupContent="" RedirectContent="" ManyToManyContent="" ManyToManyRuleContent="" >
			<HelpDefault>The name for this newsletter. For instance, Current News, or Industry News. Each issue will have it&#39;s own name, such as January Edition.</HelpDefault>
		</Field>
		<Field Name="Active" active="True" AdminOnly="False" Authorable="True" Caption="Active" DeveloperOnly="False" EditSortPriority="200" FieldType="Boolean" HTMLContent="False" IndexColumn="0" IndexSortDirection="" IndexSortOrder="0" IndexWidth="0" RedirectID="0" RedirectPath="" Required="False" TextBuffered="False" UniqueName="False" DefaultValue="1" RSSTitle="False" RSSDescription="False" MemberSelectGroupID="0" EditTab="" Scramble="False" LookupList="" NotEditable="False" Password="False" ReadOnly="False" ManyToManyRulePrimaryField="" ManyToManyRuleSecondaryField="" IsModified="False" IsBaseField="False" LookupContent="" RedirectContent="" ManyToManyContent="" ManyToManyRuleContent="" ></Field>
		<Field Name="SortOrder" active="True" AdminOnly="False" Authorable="True" Caption="Alpha Sort Order" DeveloperOnly="False" EditSortPriority="2000" FieldType="Text" HTMLContent="False" IndexColumn="0" IndexSortDirection="" IndexSortOrder="0" IndexWidth="0" RedirectID="0" RedirectPath="" Required="False" TextBuffered="False" UniqueName="False" DefaultValue="" RSSTitle="False" RSSDescription="False" MemberSelectGroupID="0" EditTab="" Scramble="False" LookupList="" NotEditable="False" Password="False" ReadOnly="False" ManyToManyRulePrimaryField="" ManyToManyRuleSecondaryField="" IsModified="False" IsBaseField="False" LookupContent="" RedirectContent="" ManyToManyContent="" ManyToManyRuleContent="" ></Field>
		<Field Name="TemplateID" active="True" AdminOnly="False" Authorable="True" Caption="Template" DeveloperOnly="False" EditSortPriority="1200" FieldType="Lookup" HTMLContent="False" IndexColumn="0" IndexSortDirection="" IndexSortOrder="99" IndexWidth="50" RedirectID="0" RedirectPath="" Required="False" TextBuffered="False" UniqueName="False" DefaultValue="" RSSTitle="False" RSSDescription="False" MemberSelectGroupID="0" EditTab="" Scramble="False" LookupList="" NotEditable="False" Password="False" ReadOnly="False" ManyToManyRulePrimaryField="" ManyToManyRuleSecondaryField="" IsModified="False" IsBaseField="False" LookupContent="Newsletter Templates" RedirectContent="" ManyToManyContent="" ManyToManyRuleContent="" >
			<HelpDefault>Select the template for this newsletter. The template is the html document that your newsletter stories will be added to.</HelpDefault>
		</Field>
		<Field Name="StylesFileName" active="True" AdminOnly="False" Authorable="True" Caption="Styles" DeveloperOnly="False" EditSortPriority="0" FieldType="CSSFile" HTMLContent="False" IndexColumn="0" IndexSortDirection="" IndexSortOrder="0" IndexWidth="" RedirectID="" RedirectPath="" Required="False" TextBuffered="False" UniqueName="False" DefaultValue="" RSSTitle="False" RSSDescription="False" MemberSelectGroupID="0" EditTab="Newsletter Styles" Scramble="False" LookupList="" NotEditable="False" Password="False" ReadOnly="False" ManyToManyRulePrimaryField="" ManyToManyRuleSecondaryField="" IsModified="False" IsBaseField="False" LookupContent="" RedirectContent="" ManyToManyContent="" ManyToManyRuleContent="" ></Field>
		<Field Name="emailTemplateId" active="True" AdminOnly="False" Authorable="True" Caption="Email Template (optional)" DeveloperOnly="False" EditSortPriority="1300" FieldType="Lookup" HTMLContent="False" IndexColumn="20" IndexSortDirection="" IndexSortOrder="99" IndexWidth="27" RedirectID="" RedirectPath="" Required="False" TextBuffered="False" UniqueName="False" DefaultValue="" RSSTitle="False" RSSDescription="False" MemberSelectGroupID="0" EditTab="" Scramble="False" LookupList="" NotEditable="False" Password="False" ReadOnly="False" ManyToManyRulePrimaryField="" ManyToManyRuleSecondaryField="" IsModified="False" IsBaseField="False" LookupContent="Newsletter Templates" RedirectContent="" ManyToManyContent="" ManyToManyRuleContent="" >
			<HelpDefault>If you have a different template for email, select it here. If None, then the standard Newsletter template will be used for email as well.</HelpDefault>
		</Field>
	</CDef>
	<CDef Name="Newsletter Categories" Active="1" AdminOnly="0" AllowAdd="1" AllowCalendarEvents="0" AllowContentChildTool="0" AllowContentTracking="0" AllowDelete="1" AllowMetaContent="0" AllowTopicRules="0" AllowWorkflowAuthoring="0" AuthoringDataSourceName="Default" AuthoringTableName="NewsletterIssueCategories" ContentDataSourceName="Default" ContentTableName="NewsletterIssueCategories" DefaultSortMethod="By Name" DeveloperOnly="0" DropDownFieldList="NAME" EditorGroupName="Content Editors" Parent="" IconLink="" IconHeight="0" IconWidth="0" IconSprites="0" isbasecontent="0" guid="{901D3FAE-9317-4787-BCE9-633CAEB04696}" >
		<Field Name="Name" active="True" AdminOnly="False" Authorable="True" Caption="Name" DeveloperOnly="False" EditSortPriority="110" FieldType="Text" HTMLContent="False" IndexColumn="0" IndexSortDirection="" IndexSortOrder="0" IndexWidth="0" RedirectID="0" RedirectPath="" Required="False" TextBuffered="False" UniqueName="False" DefaultValue="" RSSTitle="False" RSSDescription="False" MemberSelectGroupID="0" EditTab="" Scramble="False" LookupList="" NotEditable="False" Password="False" ReadOnly="False" ManyToManyRulePrimaryField="" ManyToManyRuleSecondaryField="" IsModified="False" IsBaseField="False" LookupContent="" RedirectContent="" ManyToManyContent="" ManyToManyRuleContent="Shared Styles Add-on Rules" ></Field>
		<Field Name="Active" active="True" AdminOnly="False" Authorable="True" Caption="Active" DeveloperOnly="False" EditSortPriority="200" FieldType="Boolean" HTMLContent="False" IndexColumn="0" IndexSortDirection="" IndexSortOrder="0" IndexWidth="0" RedirectID="0" RedirectPath="" Required="False" TextBuffered="False" UniqueName="False" DefaultValue="1" RSSTitle="False" RSSDescription="False" MemberSelectGroupID="0" EditTab="" Scramble="False" LookupList="" NotEditable="False" Password="False" ReadOnly="False" ManyToManyRulePrimaryField="" ManyToManyRuleSecondaryField="" IsModified="False" IsBaseField="False" LookupContent="" RedirectContent="" ManyToManyContent="" ManyToManyRuleContent="Shared Styles Add-on Rules" ></Field>
		<Field Name="SortOrder" active="True" AdminOnly="False" Authorable="True" Caption="Alpha Sort Order" DeveloperOnly="False" EditSortPriority="2000" FieldType="Text" HTMLContent="False" IndexColumn="0" IndexSortDirection="" IndexSortOrder="0" IndexWidth="0" RedirectID="0" RedirectPath="" Required="False" TextBuffered="False" UniqueName="False" DefaultValue="" RSSTitle="False" RSSDescription="False" MemberSelectGroupID="0" EditTab="" Scramble="False" LookupList="" NotEditable="False" Password="False" ReadOnly="False" ManyToManyRulePrimaryField="" ManyToManyRuleSecondaryField="" IsModified="False" IsBaseField="False" LookupContent="" RedirectContent="" ManyToManyContent="" ManyToManyRuleContent="Shared Styles Add-on Rules" ></Field>
	</CDef>
	<CDef Name="Newsletter Story Group Rules" Active="1" AdminOnly="0" AllowAdd="1" AllowCalendarEvents="0" AllowContentChildTool="0" AllowContentTracking="0" AllowDelete="1" AllowMetaContent="0" AllowTopicRules="0" AllowWorkflowAuthoring="0" AuthoringDataSourceName="Default" AuthoringTableName="NewsletterPageGroupRules" ContentDataSourceName="Default" ContentTableName="NewsletterPageGroupRules" DefaultSortMethod="By Name" DeveloperOnly="0" DropDownFieldList="NAME" EditorGroupName="Content Editors" Parent="" IconLink="" IconHeight="0" IconWidth="0" IconSprites="0" isbasecontent="0" guid="{F95F0832-E773-49E5-B287-C389AE9DFDCA}" >
		<Field Name="Name" active="True" AdminOnly="False" Authorable="True" Caption="Name" DeveloperOnly="False" EditSortPriority="110" FieldType="Text" HTMLContent="False" IndexColumn="0" IndexSortDirection="" IndexSortOrder="0" IndexWidth="0" RedirectID="0" RedirectPath="" Required="False" TextBuffered="False" UniqueName="False" DefaultValue="" RSSTitle="False" RSSDescription="False" MemberSelectGroupID="0" EditTab="" Scramble="False" LookupList="" NotEditable="False" Password="False" ReadOnly="False" ManyToManyRulePrimaryField="" ManyToManyRuleSecondaryField="" IsModified="False" IsBaseField="False" LookupContent="" RedirectContent="" ManyToManyContent="" ManyToManyRuleContent="Shared Styles Add-on Rules" ></Field>
		<Field Name="Active" active="True" AdminOnly="False" Authorable="True" Caption="Active" DeveloperOnly="False" EditSortPriority="200" FieldType="Boolean" HTMLContent="False" IndexColumn="0" IndexSortDirection="" IndexSortOrder="0" IndexWidth="0" RedirectID="0" RedirectPath="" Required="False" TextBuffered="False" UniqueName="False" DefaultValue="1" RSSTitle="False" RSSDescription="False" MemberSelectGroupID="0" EditTab="" Scramble="False" LookupList="" NotEditable="False" Password="False" ReadOnly="False" ManyToManyRulePrimaryField="" ManyToManyRuleSecondaryField="" IsModified="False" IsBaseField="False" LookupContent="" RedirectContent="" ManyToManyContent="" ManyToManyRuleContent="" ></Field>
		<Field Name="SortOrder" active="True" AdminOnly="False" Authorable="False" Caption="Alpha Sort Order" DeveloperOnly="False" EditSortPriority="2000" FieldType="Text" HTMLContent="False" IndexColumn="0" IndexSortDirection="" IndexSortOrder="0" IndexWidth="0" RedirectID="0" RedirectPath="" Required="False" TextBuffered="False" UniqueName="False" DefaultValue="" RSSTitle="False" RSSDescription="False" MemberSelectGroupID="0" EditTab="" Scramble="False" LookupList="" NotEditable="False" Password="False" ReadOnly="False" ManyToManyRulePrimaryField="" ManyToManyRuleSecondaryField="" IsModified="False" IsBaseField="False" LookupContent="" RedirectContent="" ManyToManyContent="" ManyToManyRuleContent="Shared Styles Add-on Rules" ></Field>
		<Field Name="GroupID" active="True" AdminOnly="False" Authorable="True" Caption="Group" DeveloperOnly="False" EditSortPriority="300" FieldType="Lookup" HTMLContent="False" IndexColumn="-1" IndexSortDirection="" IndexSortOrder="0" IndexWidth="0" RedirectID="" RedirectPath="" Required="False" TextBuffered="False" UniqueName="False" DefaultValue="" RSSTitle="False" RSSDescription="False" MemberSelectGroupID="0" EditTab="" Scramble="False" LookupList="" NotEditable="False" Password="False" ReadOnly="False" ManyToManyRulePrimaryField="" ManyToManyRuleSecondaryField="" IsModified="False" IsBaseField="False" LookupContent="Groups" RedirectContent="" ManyToManyContent="" ManyToManyRuleContent="Shared Styles Add-on Rules" ></Field>
		<Field Name="NewsletterPageID" active="True" AdminOnly="False" Authorable="True" Caption="Story" DeveloperOnly="False" EditSortPriority="400" FieldType="Lookup" HTMLContent="False" IndexColumn="-1" IndexSortDirection="" IndexSortOrder="0" IndexWidth="0" RedirectID="" RedirectPath="" Required="False" TextBuffered="False" UniqueName="False" DefaultValue="" RSSTitle="False" RSSDescription="False" MemberSelectGroupID="0" EditTab="" Scramble="False" LookupList="" NotEditable="False" Password="False" ReadOnly="False" ManyToManyRulePrimaryField="" ManyToManyRuleSecondaryField="" IsModified="False" IsBaseField="False" LookupContent="Newsletter Stories" RedirectContent="" ManyToManyContent="" ManyToManyRuleContent="Shared Styles Add-on Rules" ></Field>
	</CDef>
	<Resource name="fpiebfooterfpi.jpg" type="www" path="images" />
	<Resource name="fpiebheaderfpi.jpg" type="www" path="images" />
	<Resource name="aonewsletter2.dll" type="executable" path="" />
</Collection>