<?xml version="1.0" encoding="windows-1252"?>
<Collection name="Newsletter" guid="{b1853855-4e37-4099-9972-c1a9455efa05}" system="No" updatable="Yes" blockNavigatorNode="No" onInstallAddonGuid="{93dab84c-1a11-4dab-b0c0-5219d96c24ae}">
	<HelpLink>http://wiki.kmacloud.net/index.php?title=Newsletter</HelpLink>
	<Help></Help>
	<Addon name="Newsletter" guid="{E56A34E0-E013-41CB-87F6-52F22D5F7694}" type="Add-on">
		<DotNetClass><![CDATA[Contensive.Addons.Newsletter.Views.NewsletterDesignBlockClass]]></DotNetClass>
		<instanceSettingPrimaryContentId><![CDATA[Newsletters]]></instanceSettingPrimaryContentId>
		<AsAjax>No</AsAjax>
		<Filter>No</Filter>
		<Icon Link="" width="50" height="50" sprites="0" />
		<InIframe>No</InIframe>
		<BlockEditTools>Yes</BlockEditTools>
		<AliasList><![CDATA[Newsletter2]]></AliasList>
		<IsInline>No</IsInline>
		<javascriptForceHead>No</javascriptForceHead>
		<JSHeadScriptSrc><![CDATA[/newsletterAddon/script.js]]></JSHeadScriptSrc>
		<Content>Yes</Content>
		<Template>Yes</Template>
		<Email>No</Email>
		<Admin>No</Admin>
		<OnPageEndEvent>No</OnPageEndEvent>
		<OnPageStartEvent>No</OnPageStartEvent>
		<OnBodyStart>No</OnBodyStart>
		<OnBodyEnd>No</OnBodyEnd>
		<RemoteMethod>No</RemoteMethod>
		<Diagnostic>No</Diagnostic>
		<ProcessRunOnce>No</ProcessRunOnce>
		<ProcessInterval>0</ProcessInterval>
		<styleslinkhref><![CDATA[/newsletterAddon/styles.css]]></styleslinkhref>
		<Scripting Language="VBScript" EntryPoint="" Timeout="5000"/>
	</Addon>
	<Addon name="Newsletter OnInstall" guid="{93dab84c-1a11-4dab-b0c0-5219d96c24ae}" type="Add-on">
		<DotNetClass><![CDATA[Contensive.Addons.Newsletter.Views.NewsletterOnInstallClass]]></DotNetClass>
		<AsAjax>No</AsAjax>
		<Filter>No</Filter>
		<Icon Link="" width="50" height="50" sprites="0" />
		<InIframe>No</InIframe>
		<BlockEditTools>Yes</BlockEditTools>
		<IsInline>No</IsInline>
		<javascriptForceHead>No</javascriptForceHead>
		<Content>No</Content>
		<Template>No</Template>
		<Email>No</Email>
		<Admin>No</Admin>
		<OnPageEndEvent>No</OnPageEndEvent>
		<OnPageStartEvent>No</OnPageStartEvent>
		<OnBodyStart>No</OnBodyStart>
		<OnBodyEnd>No</OnBodyEnd>
		<RemoteMethod>No</RemoteMethod>
		<Diagnostic>No</Diagnostic>
		<ProcessRunOnce>No</ProcessRunOnce>
		<ProcessInterval>0</ProcessInterval>
		<Scripting Language="" EntryPoint="" Timeout="5000"/>
	</Addon>
	<CDef Name="Newsletter Ad Banner Layouts" Active="1" AdminOnly="0" AllowAdd="1" AllowCalendarEvents="0" AllowContentChildTool="0" AllowContentTracking="0" AllowDelete="1" AllowMetaContent="" AllowTopicRules="0" AllowWorkflowAuthoring="0" AuthoringDataSourceName="Default" AuthoringTableName="NewsletterAdBannerLayouts" ContentDataSourceName="Default" ContentTableName="NewsletterAdBannerLayouts" DefaultSortMethod="By Name" DeveloperOnly="0" DropDownFieldList="Name" EditorGroupName="" Parent="" IconLink="" IconHeight="0" IconWidth="0" IconSprites="0" isbasecontent="0" guid="{61D497DB-EDFA-4D6E-8A0C-B37853BF44AA}" >
		<Field Name="name" Caption="Name" EditTab="" FieldType="Text" Authorable="True" EditSortPriority="110" DefaultValue="" active="True" AdminOnly="False" DeveloperOnly="False" HTMLContent="False" Required="False" TextBuffered="False" UniqueName="False" RSSTitle="False" RSSDescription="False" MemberSelectGroup="" Scramble="False" LookupList="" NotEditable="False" Password="False" ReadOnly="False" ManyToManyRulePrimaryField="" ManyToManyRuleSecondaryField="" IsModified="False" IndexColumn="0" IndexSortDirection="" IndexSortOrder="0" IndexWidth="0" RedirectID="0" RedirectPath="" IsBaseField="False" LookupContent="" RedirectContent="" ManyToManyContent="" ManyToManyRuleContent="" >
			<HelpDefault><![CDATA[A simple description of the layout. This name has no effect on the display of the ads. Typically you would include the recommended dimensions of the ad and the number of rows and columns to help content managers.]]></HelpDefault>
		</Field>
		<Field Name="active" Caption="Active" EditTab="" FieldType="Boolean" Authorable="True" EditSortPriority="200" DefaultValue="1" active="True" AdminOnly="False" DeveloperOnly="False" HTMLContent="False" Required="False" TextBuffered="False" UniqueName="False" RSSTitle="False" RSSDescription="False" MemberSelectGroup="" Scramble="False" LookupList="" NotEditable="False" Password="False" ReadOnly="False" ManyToManyRulePrimaryField="" ManyToManyRuleSecondaryField="" IsModified="False" IndexColumn="0" IndexSortDirection="" IndexSortOrder="0" IndexWidth="0" RedirectID="0" RedirectPath="" IsBaseField="False" LookupContent="" RedirectContent="" ManyToManyContent="" ManyToManyRuleContent="" ></Field>
		<Field Name="rowcnt" Caption="Rows" EditTab="" FieldType="Integer" Authorable="True" EditSortPriority="1020" DefaultValue="1" active="True" AdminOnly="False" DeveloperOnly="False" HTMLContent="False" Required="False" TextBuffered="False" UniqueName="False" RSSTitle="False" RSSDescription="False" MemberSelectGroup="" Scramble="False" LookupList="" NotEditable="False" Password="False" ReadOnly="False" ManyToManyRulePrimaryField="" ManyToManyRuleSecondaryField="" IsModified="False" IndexColumn="0" IndexSortDirection="" IndexSortOrder="0" IndexWidth="" RedirectID="" RedirectPath="" IsBaseField="False" LookupContent="" RedirectContent="" ManyToManyContent="" ManyToManyRuleContent="" >
			<HelpDefault><![CDATA[The number of rows intended for this layout.]]></HelpDefault>
		</Field>
		<Field Name="columncnt" Caption="Columns" EditTab="" FieldType="Integer" Authorable="True" EditSortPriority="1030" DefaultValue="1" active="True" AdminOnly="False" DeveloperOnly="False" HTMLContent="False" Required="False" TextBuffered="False" UniqueName="False" RSSTitle="False" RSSDescription="False" MemberSelectGroup="" Scramble="False" LookupList="" NotEditable="False" Password="False" ReadOnly="False" ManyToManyRulePrimaryField="" ManyToManyRuleSecondaryField="" IsModified="False" IndexColumn="0" IndexSortDirection="" IndexSortOrder="0" IndexWidth="" RedirectID="" RedirectPath="" IsBaseField="False" LookupContent="" RedirectContent="" ManyToManyContent="" ManyToManyRuleContent="" >
			<HelpDefault><![CDATA[The number of columns intended for this layout.]]></HelpDefault>
		</Field>
		<Field Name="sortorder" Caption="Alpha Sort Order" EditTab="" FieldType="Text" Authorable="False" EditSortPriority="2000" DefaultValue="" active="True" AdminOnly="False" DeveloperOnly="False" HTMLContent="False" Required="False" TextBuffered="False" UniqueName="False" RSSTitle="False" RSSDescription="False" MemberSelectGroup="" Scramble="False" LookupList="" NotEditable="False" Password="False" ReadOnly="False" ManyToManyRulePrimaryField="" ManyToManyRuleSecondaryField="" IsModified="False" IndexColumn="0" IndexSortDirection="" IndexSortOrder="0" IndexWidth="0" RedirectID="0" RedirectPath="" IsBaseField="False" LookupContent="" RedirectContent="" ManyToManyContent="" ManyToManyRuleContent="" ></Field>
		<Field Name="pxcolumnspace" Caption="Space Between Columns (px)" EditTab="" FieldType="Integer" Authorable="True" EditSortPriority="2000" DefaultValue="" active="True" AdminOnly="False" DeveloperOnly="False" HTMLContent="False" Required="False" TextBuffered="False" UniqueName="False" RSSTitle="False" RSSDescription="False" MemberSelectGroup="" Scramble="False" LookupList="" NotEditable="False" Password="False" ReadOnly="False" ManyToManyRulePrimaryField="" ManyToManyRuleSecondaryField="" IsModified="False" IndexColumn="0" IndexSortDirection="" IndexSortOrder="0" IndexWidth="" RedirectID="" RedirectPath="" IsBaseField="False" LookupContent="" RedirectContent="" ManyToManyContent="" ManyToManyRuleContent="" >
			<HelpDefault><![CDATA[The integer number of pixels required between each ad in the same row.]]></HelpDefault>
		</Field>
		<Field Name="pxrowspace" Caption="Space Between Rows (px)" EditTab="" FieldType="Integer" Authorable="True" EditSortPriority="2010" DefaultValue="" active="True" AdminOnly="False" DeveloperOnly="False" HTMLContent="False" Required="False" TextBuffered="False" UniqueName="False" RSSTitle="False" RSSDescription="False" MemberSelectGroup="" Scramble="False" LookupList="" NotEditable="False" Password="False" ReadOnly="False" ManyToManyRulePrimaryField="" ManyToManyRuleSecondaryField="" IsModified="False" IndexColumn="0" IndexSortDirection="" IndexSortOrder="0" IndexWidth="" RedirectID="" RedirectPath="" IsBaseField="False" LookupContent="" RedirectContent="" ManyToManyContent="" ManyToManyRuleContent="" >
			<HelpDefault><![CDATA[The integer number of pixels required between each row of ads.]]></HelpDefault>
		</Field>
	</CDef>
	<CDef Name="Newsletter Categories" Active="1" AdminOnly="0" AllowAdd="1" AllowCalendarEvents="0" AllowContentChildTool="0" AllowContentTracking="0" AllowDelete="1" AllowMetaContent="" AllowTopicRules="0" AllowWorkflowAuthoring="0" AuthoringDataSourceName="Default" AuthoringTableName="NewsletterIssueCategories" ContentDataSourceName="Default" ContentTableName="NewsletterIssueCategories" DefaultSortMethod="By Name" DeveloperOnly="0" DropDownFieldList="NAME" EditorGroupName="" Parent="" IconLink="" IconHeight="0" IconWidth="0" IconSprites="0" isbasecontent="0" guid="{901D3FAE-9317-4787-BCE9-633CAEB04696}" >
		<Field Name="name" Caption="Name" EditTab="" FieldType="Text" Authorable="True" EditSortPriority="110" DefaultValue="" active="True" AdminOnly="False" DeveloperOnly="False" HTMLContent="False" Required="False" TextBuffered="False" UniqueName="False" RSSTitle="False" RSSDescription="False" MemberSelectGroup="" Scramble="False" LookupList="" NotEditable="False" Password="False" ReadOnly="False" ManyToManyRulePrimaryField="" ManyToManyRuleSecondaryField="" IsModified="False" IndexColumn="0" IndexSortDirection="" IndexSortOrder="0" IndexWidth="0" RedirectID="0" RedirectPath="" IsBaseField="False" LookupContent="" RedirectContent="" ManyToManyContent="" ManyToManyRuleContent="" >
			<HelpDefault><![CDATA[The name for this category as it will appear on the newsletter.]]></HelpDefault>
		</Field>
		<Field Name="active" Caption="Active" EditTab="" FieldType="Boolean" Authorable="False" EditSortPriority="9999" DefaultValue="1" active="True" AdminOnly="False" DeveloperOnly="False" HTMLContent="False" Required="False" TextBuffered="False" UniqueName="False" RSSTitle="False" RSSDescription="False" MemberSelectGroup="" Scramble="False" LookupList="" NotEditable="False" Password="False" ReadOnly="False" ManyToManyRulePrimaryField="" ManyToManyRuleSecondaryField="" IsModified="False" IndexColumn="0" IndexSortDirection="" IndexSortOrder="0" IndexWidth="0" RedirectID="0" RedirectPath="" IsBaseField="False" LookupContent="" RedirectContent="" ManyToManyContent="" ManyToManyRuleContent="" ></Field>
		<Field Name="sortorder" Caption="Alpha Sort Order" EditTab="" FieldType="Text" Authorable="False" EditSortPriority="9999" DefaultValue="" active="True" AdminOnly="False" DeveloperOnly="False" HTMLContent="False" Required="False" TextBuffered="False" UniqueName="False" RSSTitle="False" RSSDescription="False" MemberSelectGroup="" Scramble="False" LookupList="" NotEditable="False" Password="False" ReadOnly="False" ManyToManyRulePrimaryField="" ManyToManyRuleSecondaryField="" IsModified="False" IndexColumn="0" IndexSortDirection="" IndexSortOrder="0" IndexWidth="0" RedirectID="0" RedirectPath="" IsBaseField="False" LookupContent="" RedirectContent="" ManyToManyContent="" ManyToManyRuleContent="" ></Field>
	</CDef>
	<CDef Name="Newsletter Issue Banner Rules" Active="1" AdminOnly="0" AllowAdd="1" AllowCalendarEvents="0" AllowContentChildTool="0" AllowContentTracking="0" AllowDelete="1" AllowMetaContent="" AllowTopicRules="0" AllowWorkflowAuthoring="0" AuthoringDataSourceName="Default" AuthoringTableName="NewsletterIssueBannerRules" ContentDataSourceName="Default" ContentTableName="NewsletterIssueBannerRules" DefaultSortMethod="By Name" DeveloperOnly="0" DropDownFieldList="Name" EditorGroupName="" Parent="" IconLink="" IconHeight="0" IconWidth="0" IconSprites="0" isbasecontent="0" guid="{6368431A-1043-4E19-AA95-88D3014735DA}" >
		<Field Name="name" Caption="Name" EditTab="" FieldType="Text" Authorable="True" EditSortPriority="110" DefaultValue="" active="True" AdminOnly="False" DeveloperOnly="False" HTMLContent="False" Required="False" TextBuffered="False" UniqueName="False" RSSTitle="False" RSSDescription="False" MemberSelectGroup="" Scramble="False" LookupList="" NotEditable="False" Password="False" ReadOnly="False" ManyToManyRulePrimaryField="" ManyToManyRuleSecondaryField="" IsModified="False" IndexColumn="0" IndexSortDirection="" IndexSortOrder="0" IndexWidth="0" RedirectID="0" RedirectPath="" IsBaseField="False" LookupContent="" RedirectContent="" ManyToManyContent="" ManyToManyRuleContent="" ></Field>
		<Field Name="active" Caption="Active" EditTab="" FieldType="Boolean" Authorable="True" EditSortPriority="200" DefaultValue="1" active="True" AdminOnly="False" DeveloperOnly="False" HTMLContent="False" Required="False" TextBuffered="False" UniqueName="False" RSSTitle="False" RSSDescription="False" MemberSelectGroup="" Scramble="False" LookupList="" NotEditable="False" Password="False" ReadOnly="False" ManyToManyRulePrimaryField="" ManyToManyRuleSecondaryField="" IsModified="False" IndexColumn="0" IndexSortDirection="" IndexSortOrder="0" IndexWidth="0" RedirectID="0" RedirectPath="" IsBaseField="False" LookupContent="" RedirectContent="" ManyToManyContent="" ManyToManyRuleContent="" ></Field>
		<Field Name="issueid" Caption="Issue" EditTab="" FieldType="Lookup" Authorable="True" EditSortPriority="1000" DefaultValue="" active="True" AdminOnly="False" DeveloperOnly="False" HTMLContent="False" Required="False" TextBuffered="False" UniqueName="False" RSSTitle="False" RSSDescription="False" MemberSelectGroup="" Scramble="False" LookupList="" NotEditable="False" Password="False" ReadOnly="False" ManyToManyRulePrimaryField="" ManyToManyRuleSecondaryField="" IsModified="False" IndexColumn="0" IndexSortDirection="" IndexSortOrder="0" IndexWidth="" RedirectID="" RedirectPath="" IsBaseField="False" LookupContent="Newsletter Issues" RedirectContent="" ManyToManyContent="" ManyToManyRuleContent="" ></Field>
		<Field Name="sortorder" Caption="Alpha Sort Order" EditTab="" FieldType="Text" Authorable="False" EditSortPriority="2000" DefaultValue="" active="True" AdminOnly="False" DeveloperOnly="False" HTMLContent="False" Required="False" TextBuffered="False" UniqueName="False" RSSTitle="False" RSSDescription="False" MemberSelectGroup="" Scramble="False" LookupList="" NotEditable="False" Password="False" ReadOnly="False" ManyToManyRulePrimaryField="" ManyToManyRuleSecondaryField="" IsModified="False" IndexColumn="0" IndexSortDirection="" IndexSortOrder="0" IndexWidth="0" RedirectID="0" RedirectPath="" IsBaseField="False" LookupContent="" RedirectContent="" ManyToManyContent="" ManyToManyRuleContent="" ></Field>
		<Field Name="bannerid" Caption="Banner" EditTab="" FieldType="Lookup" Authorable="True" EditSortPriority="2000" DefaultValue="" active="True" AdminOnly="False" DeveloperOnly="False" HTMLContent="False" Required="False" TextBuffered="False" UniqueName="False" RSSTitle="False" RSSDescription="False" MemberSelectGroup="" Scramble="False" LookupList="" NotEditable="False" Password="False" ReadOnly="False" ManyToManyRulePrimaryField="" ManyToManyRuleSecondaryField="" IsModified="False" IndexColumn="0" IndexSortDirection="" IndexSortOrder="0" IndexWidth="" RedirectID="" RedirectPath="" IsBaseField="False" LookupContent="Banners" RedirectContent="" ManyToManyContent="" ManyToManyRuleContent="" ></Field>
	</CDef>
	<CDef Name="Newsletter Issue Category Rules" Active="1" AdminOnly="0" AllowAdd="1" AllowCalendarEvents="0" AllowContentChildTool="0" AllowContentTracking="0" AllowDelete="1" AllowMetaContent="" AllowTopicRules="0" AllowWorkflowAuthoring="0" AuthoringDataSourceName="Default" AuthoringTableName="NewsletterIssueCategoryRules" ContentDataSourceName="Default" ContentTableName="NewsletterIssueCategoryRules" DefaultSortMethod="By Name" DeveloperOnly="1" DropDownFieldList="NAME" EditorGroupName="" Parent="" IconLink="" IconHeight="0" IconWidth="0" IconSprites="0" isbasecontent="0" guid="{AB3FB4C8-549B-41DA-9EEE-6883BDE11238}" >
		<Field Name="name" Caption="Name" EditTab="" FieldType="Text" Authorable="True" EditSortPriority="110" DefaultValue="" active="True" AdminOnly="False" DeveloperOnly="False" HTMLContent="False" Required="False" TextBuffered="False" UniqueName="False" RSSTitle="False" RSSDescription="False" MemberSelectGroup="" Scramble="False" LookupList="" NotEditable="False" Password="False" ReadOnly="False" ManyToManyRulePrimaryField="" ManyToManyRuleSecondaryField="" IsModified="False" IndexColumn="0" IndexSortDirection="" IndexSortOrder="0" IndexWidth="0" RedirectID="0" RedirectPath="" IsBaseField="False" LookupContent="" RedirectContent="" ManyToManyContent="" ManyToManyRuleContent="" >
			<HelpDefault><![CDATA[The name of this rule. It is not necessary but may be helpful to locate this rule in a list of rules.]]></HelpDefault>
		</Field>
		<Field Name="active" Caption="Active" EditTab="" FieldType="Boolean" Authorable="False" EditSortPriority="200" DefaultValue="9999" active="True" AdminOnly="False" DeveloperOnly="False" HTMLContent="False" Required="False" TextBuffered="False" UniqueName="False" RSSTitle="False" RSSDescription="False" MemberSelectGroup="" Scramble="False" LookupList="" NotEditable="False" Password="False" ReadOnly="False" ManyToManyRulePrimaryField="" ManyToManyRuleSecondaryField="" IsModified="False" IndexColumn="0" IndexSortDirection="" IndexSortOrder="0" IndexWidth="0" RedirectID="0" RedirectPath="" IsBaseField="False" LookupContent="" RedirectContent="" ManyToManyContent="" ManyToManyRuleContent="" ></Field>
		<Field Name="newsletterissueid" Caption="Issue" EditTab="" FieldType="Lookup" Authorable="True" EditSortPriority="300" DefaultValue="" active="True" AdminOnly="False" DeveloperOnly="False" HTMLContent="False" Required="False" TextBuffered="False" UniqueName="False" RSSTitle="False" RSSDescription="False" MemberSelectGroup="" Scramble="False" LookupList="" NotEditable="False" Password="False" ReadOnly="False" ManyToManyRulePrimaryField="" ManyToManyRuleSecondaryField="" IsModified="False" IndexColumn="0" IndexSortDirection="" IndexSortOrder="99" IndexWidth="50" RedirectID="0" RedirectPath="" IsBaseField="False" LookupContent="Newsletter Issues" RedirectContent="" ManyToManyContent="" ManyToManyRuleContent="" >
			<HelpDefault><![CDATA[When selected, this rule only applies to this issue.]]></HelpDefault>
		</Field>
		<Field Name="categoryid" Caption="Category" EditTab="" FieldType="Lookup" Authorable="True" EditSortPriority="400" DefaultValue="" active="True" AdminOnly="False" DeveloperOnly="False" HTMLContent="False" Required="False" TextBuffered="False" UniqueName="False" RSSTitle="False" RSSDescription="False" MemberSelectGroup="" Scramble="False" LookupList="" NotEditable="False" Password="False" ReadOnly="False" ManyToManyRulePrimaryField="" ManyToManyRuleSecondaryField="" IsModified="False" IndexColumn="0" IndexSortDirection="" IndexSortOrder="99" IndexWidth="50" RedirectID="0" RedirectPath="" IsBaseField="False" LookupContent="Newsletter Categories" RedirectContent="" ManyToManyContent="" ManyToManyRuleContent="" >
			<HelpDefault><![CDATA[When selected, this rule only applies to this category.]]></HelpDefault>
		</Field>
		<Field Name="sortorder" Caption="Sort Order" EditTab="" FieldType="Text" Authorable="False" EditSortPriority="500" DefaultValue="9999" active="True" AdminOnly="False" DeveloperOnly="False" HTMLContent="False" Required="False" TextBuffered="False" UniqueName="False" RSSTitle="False" RSSDescription="False" MemberSelectGroup="" Scramble="False" LookupList="" NotEditable="False" Password="False" ReadOnly="False" ManyToManyRulePrimaryField="" ManyToManyRuleSecondaryField="" IsModified="False" IndexColumn="-1" IndexSortDirection="" IndexSortOrder="0" IndexWidth="0" RedirectID="" RedirectPath="" IsBaseField="False" LookupContent="" RedirectContent="" ManyToManyContent="" ManyToManyRuleContent="" ></Field>
	</CDef>
	<CDef Name="Newsletter Issues" Active="1" AdminOnly="0" AllowAdd="1" AllowCalendarEvents="0" AllowContentChildTool="0" AllowContentTracking="0" AllowDelete="1" AllowMetaContent="" AllowTopicRules="0" AllowWorkflowAuthoring="0" AuthoringDataSourceName="Default" AuthoringTableName="NewsletterIssues" ContentDataSourceName="Default" ContentTableName="NewsletterIssues" DefaultSortMethod="By Name" DeveloperOnly="0" DropDownFieldList="NAME, PUBLISHDATE" EditorGroupName="" Parent="" IconLink="" IconHeight="0" IconWidth="0" IconSprites="0" isbasecontent="0" guid="{DA2F692A-145F-4F25-9DED-7FA2760675CF}" >
		<Field Name="name" Caption="Name" EditTab="" FieldType="Text" Authorable="True" EditSortPriority="110" DefaultValue="" active="True" AdminOnly="False" DeveloperOnly="False" HTMLContent="False" Required="False" TextBuffered="False" UniqueName="False" RSSTitle="False" RSSDescription="False" MemberSelectGroup="" Scramble="False" LookupList="" NotEditable="False" Password="False" ReadOnly="False" ManyToManyRulePrimaryField="" ManyToManyRuleSecondaryField="" IsModified="False" IndexColumn="10" IndexSortDirection="" IndexSortOrder="99" IndexWidth="26" RedirectID="0" RedirectPath="" IsBaseField="False" LookupContent="" RedirectContent="" ManyToManyContent="" ManyToManyRuleContent="" >
			<HelpDefault><![CDATA[The name of this issue. For instance, if this is the January issue of your Events newsletter, this name field might be January.]]></HelpDefault>
		</Field>
		<Field Name="newsletterid" Caption="Newsletter" EditTab="" FieldType="Lookup" Authorable="True" EditSortPriority="200" DefaultValue="" active="True" AdminOnly="False" DeveloperOnly="False" HTMLContent="False" Required="False" TextBuffered="False" UniqueName="False" RSSTitle="False" RSSDescription="False" MemberSelectGroup="" Scramble="False" LookupList="" NotEditable="False" Password="False" ReadOnly="False" ManyToManyRulePrimaryField="" ManyToManyRuleSecondaryField="" IsModified="False" IndexColumn="0" IndexSortDirection="" IndexSortOrder="99" IndexWidth="32" RedirectID="0" RedirectPath="" IsBaseField="False" LookupContent="Newsletters" RedirectContent="" ManyToManyContent="" ManyToManyRuleContent="" >
			<HelpDefault><![CDATA[This is the newsletter that this issue is associated with. For instance, if this is the January issue of the Events newsletter, you would select Events in this list.]]></HelpDefault>
		</Field>
		<Field Name="sponsor" Caption="Cover Sponsor" EditTab="" FieldType="Text" Authorable="True" EditSortPriority="300" DefaultValue="" active="True" AdminOnly="False" DeveloperOnly="False" HTMLContent="False" Required="False" TextBuffered="False" UniqueName="False" RSSTitle="False" RSSDescription="False" MemberSelectGroup="" Scramble="False" LookupList="" NotEditable="False" Password="False" ReadOnly="False" ManyToManyRulePrimaryField="" ManyToManyRuleSecondaryField="" IsModified="False" IndexColumn="0" IndexSortDirection="" IndexSortOrder="0" IndexWidth="" RedirectID="" RedirectPath="" IsBaseField="False" LookupContent="" RedirectContent="" ManyToManyContent="" ManyToManyRuleContent="" >
			<HelpDefault><![CDATA[If the template includes the sponsor tag on the cover, this field will be put in the tag.]]></HelpDefault>
		</Field>
		<Field Name="tagline" Caption="Cover Tagline" EditTab="" FieldType="Text" Authorable="True" EditSortPriority="400" DefaultValue="" active="True" AdminOnly="False" DeveloperOnly="False" HTMLContent="False" Required="False" TextBuffered="False" UniqueName="False" RSSTitle="False" RSSDescription="False" MemberSelectGroup="" Scramble="False" LookupList="" NotEditable="False" Password="False" ReadOnly="False" ManyToManyRulePrimaryField="" ManyToManyRuleSecondaryField="" IsModified="False" IndexColumn="0" IndexSortDirection="" IndexSortOrder="0" IndexWidth="" RedirectID="" RedirectPath="" IsBaseField="False" LookupContent="" RedirectContent="" ManyToManyContent="" ManyToManyRuleContent="" >
			<HelpDefault><![CDATA[If the template includes the tagline tag on the cover, this field will be put in the tag. If this field is empty, the element with class newsletterTagLineRow will be removed.]]></HelpDefault>
		</Field>
		<Field Name="publishdate" Caption="Publish Date" EditTab="" FieldType="Date" Authorable="True" EditSortPriority="500" DefaultValue="" active="True" AdminOnly="False" DeveloperOnly="False" HTMLContent="False" Required="False" TextBuffered="False" UniqueName="False" RSSTitle="False" RSSDescription="False" MemberSelectGroup="" Scramble="False" LookupList="" NotEditable="False" Password="False" ReadOnly="False" ManyToManyRulePrimaryField="" ManyToManyRuleSecondaryField="" IsModified="False" IndexColumn="20" IndexSortDirection="" IndexSortOrder="99" IndexWidth="32" RedirectID="0" RedirectPath="" IsBaseField="False" LookupContent="" RedirectContent="" ManyToManyContent="" ManyToManyRuleContent="" >
			<HelpDefault><![CDATA[When set, this issue will not be visible on the public site until this date has passed. You might use this field when creating a new issue of the newsletter. Set it to a future date when you want to show this issue. While you are editing, you will still be able to see unpublished issues using the admin controls under the newsletter.]]></HelpDefault>
		</Field>
		<Field Name="cover" Caption="Cover" EditTab="" FieldType="HTMLFile" Authorable="True" EditSortPriority="1000" DefaultValue="" active="True" AdminOnly="False" DeveloperOnly="False" HTMLContent="False" Required="False" TextBuffered="False" UniqueName="False" RSSTitle="False" RSSDescription="False" MemberSelectGroup="" Scramble="False" LookupList="" NotEditable="False" Password="False" ReadOnly="False" ManyToManyRulePrimaryField="" ManyToManyRuleSecondaryField="" IsModified="False" IndexColumn="0" IndexSortDirection="" IndexSortOrder="0" IndexWidth="0" RedirectID="0" RedirectPath="" IsBaseField="False" LookupContent="" RedirectContent="" ManyToManyContent="" ManyToManyRuleContent="" >
			<HelpDefault><![CDATA[This is the cover copy for the newsletter. This copy will display at the top of the page when someone views the main page of the newsletter. This copy is not shown when displaying individual stories.]]></HelpDefault>
		</Field>
		<Field Name="overview" Caption="Overview for Archive Page" EditTab="" FieldType="HTML" Authorable="True" EditSortPriority="1050" DefaultValue="" active="True" AdminOnly="False" DeveloperOnly="False" HTMLContent="False" Required="False" TextBuffered="False" UniqueName="False" RSSTitle="False" RSSDescription="False" MemberSelectGroup="" Scramble="False" LookupList="" NotEditable="False" Password="False" ReadOnly="False" ManyToManyRulePrimaryField="" ManyToManyRuleSecondaryField="" IsModified="False" IndexColumn="0" IndexSortDirection="" IndexSortOrder="0" IndexWidth="0" RedirectID="0" RedirectPath="" IsBaseField="False" LookupContent="" RedirectContent="" ManyToManyContent="" ManyToManyRuleContent="" >
			<HelpDefault><![CDATA[The Overview copy is a brief version of the cover copy, used when displaying a list of issues. For instance, this is displayed in the archive view.]]></HelpDefault>
		</Field>
		<Field Name="bannerlayoutid" Caption="Layout" EditTab="Ad Banners" FieldType="Lookup" Authorable="True" EditSortPriority="1000" DefaultValue="" active="True" AdminOnly="False" DeveloperOnly="False" HTMLContent="False" Required="False" TextBuffered="False" UniqueName="False" RSSTitle="False" RSSDescription="False" MemberSelectGroup="" Scramble="False" LookupList="" NotEditable="False" Password="False" ReadOnly="False" ManyToManyRulePrimaryField="" ManyToManyRuleSecondaryField="" IsModified="False" IndexColumn="0" IndexSortDirection="" IndexSortOrder="0" IndexWidth="" RedirectID="" RedirectPath="" IsBaseField="False" LookupContent="Newsletter Ad Banner Layouts" RedirectContent="" ManyToManyContent="" ManyToManyRuleContent="" >
			<HelpDefault><![CDATA[Select the layout to determine the number of rows and columns for the ad banner presentation. Leave this blank to prevent ad banners.]]></HelpDefault>
		</Field>
		<Field Name="adbanner0" Caption="Banner 1" EditTab="Ad Banners" FieldType="File" Authorable="True" EditSortPriority="1010" DefaultValue="" active="True" AdminOnly="False" DeveloperOnly="False" HTMLContent="False" Required="False" TextBuffered="False" UniqueName="False" RSSTitle="False" RSSDescription="False" MemberSelectGroup="" Scramble="False" LookupList="" NotEditable="False" Password="False" ReadOnly="False" ManyToManyRulePrimaryField="" ManyToManyRuleSecondaryField="" IsModified="False" IndexColumn="0" IndexSortDirection="" IndexSortOrder="0" IndexWidth="" RedirectID="" RedirectPath="" IsBaseField="False" LookupContent="" RedirectContent="" ManyToManyContent="" ManyToManyRuleContent="" >
			<HelpDefault><![CDATA[A banner image matching the Ad Banner Layout selected.]]></HelpDefault>
		</Field>
		<Field Name="adbannerlink0" Caption="Banner 1 Link" EditTab="Ad Banners" FieldType="Text" Authorable="True" EditSortPriority="1015" DefaultValue="" active="True" AdminOnly="False" DeveloperOnly="False" HTMLContent="False" Required="False" TextBuffered="False" UniqueName="False" RSSTitle="False" RSSDescription="False" MemberSelectGroup="" Scramble="False" LookupList="" NotEditable="False" Password="False" ReadOnly="False" ManyToManyRulePrimaryField="" ManyToManyRuleSecondaryField="" IsModified="False" IndexColumn="0" IndexSortDirection="" IndexSortOrder="0" IndexWidth="" RedirectID="" RedirectPath="" IsBaseField="False" LookupContent="" RedirectContent="" ManyToManyContent="" ManyToManyRuleContent="" >
			<HelpDefault><![CDATA[The url where the user will be sent if they click on the ad banner.]]></HelpDefault>
		</Field>
		<Field Name="adbanner1" Caption="Banner 2" EditTab="Ad Banners" FieldType="File" Authorable="True" EditSortPriority="1020" DefaultValue="" active="True" AdminOnly="False" DeveloperOnly="False" HTMLContent="False" Required="False" TextBuffered="False" UniqueName="False" RSSTitle="False" RSSDescription="False" MemberSelectGroup="" Scramble="False" LookupList="" NotEditable="False" Password="False" ReadOnly="False" ManyToManyRulePrimaryField="" ManyToManyRuleSecondaryField="" IsModified="False" IndexColumn="0" IndexSortDirection="" IndexSortOrder="0" IndexWidth="" RedirectID="" RedirectPath="" IsBaseField="False" LookupContent="" RedirectContent="" ManyToManyContent="" ManyToManyRuleContent="" >
			<HelpDefault><![CDATA[A banner image matching the Ad Banner Layout selected.]]></HelpDefault>
		</Field>
		<Field Name="adbannerlink1" Caption="Banner 2 Link" EditTab="Ad Banners" FieldType="Text" Authorable="True" EditSortPriority="1025" DefaultValue="" active="True" AdminOnly="False" DeveloperOnly="False" HTMLContent="False" Required="False" TextBuffered="False" UniqueName="False" RSSTitle="False" RSSDescription="False" MemberSelectGroup="" Scramble="False" LookupList="" NotEditable="False" Password="False" ReadOnly="False" ManyToManyRulePrimaryField="" ManyToManyRuleSecondaryField="" IsModified="False" IndexColumn="0" IndexSortDirection="" IndexSortOrder="0" IndexWidth="" RedirectID="" RedirectPath="" IsBaseField="False" LookupContent="" RedirectContent="" ManyToManyContent="" ManyToManyRuleContent="" >
			<HelpDefault><![CDATA[The url where the user will be sent if they click on the ad banner.]]></HelpDefault>
		</Field>
		<Field Name="adbanner2" Caption="Banner 3" EditTab="Ad Banners" FieldType="File" Authorable="True" EditSortPriority="1310" DefaultValue="" active="True" AdminOnly="False" DeveloperOnly="False" HTMLContent="False" Required="False" TextBuffered="False" UniqueName="False" RSSTitle="False" RSSDescription="False" MemberSelectGroup="" Scramble="False" LookupList="" NotEditable="False" Password="False" ReadOnly="False" ManyToManyRulePrimaryField="" ManyToManyRuleSecondaryField="" IsModified="False" IndexColumn="0" IndexSortDirection="" IndexSortOrder="0" IndexWidth="" RedirectID="" RedirectPath="" IsBaseField="False" LookupContent="" RedirectContent="" ManyToManyContent="" ManyToManyRuleContent="" >
			<HelpDefault><![CDATA[A banner image matching the Ad Banner Layout selected.]]></HelpDefault>
		</Field>
		<Field Name="adbannerlink2" Caption="Banner 3 Link" EditTab="Ad Banners" FieldType="Text" Authorable="True" EditSortPriority="1320" DefaultValue="" active="True" AdminOnly="False" DeveloperOnly="False" HTMLContent="False" Required="False" TextBuffered="False" UniqueName="False" RSSTitle="False" RSSDescription="False" MemberSelectGroup="" Scramble="False" LookupList="" NotEditable="False" Password="False" ReadOnly="False" ManyToManyRulePrimaryField="" ManyToManyRuleSecondaryField="" IsModified="False" IndexColumn="0" IndexSortDirection="" IndexSortOrder="0" IndexWidth="" RedirectID="" RedirectPath="" IsBaseField="False" LookupContent="" RedirectContent="" ManyToManyContent="" ManyToManyRuleContent="" >
			<HelpDefault><![CDATA[The url where the user will be sent if they click on the ad banner.]]></HelpDefault>
		</Field>
		<Field Name="adbanner3" Caption="Banner 4" EditTab="Ad Banners" FieldType="File" Authorable="True" EditSortPriority="1410" DefaultValue="" active="True" AdminOnly="False" DeveloperOnly="False" HTMLContent="False" Required="False" TextBuffered="False" UniqueName="False" RSSTitle="False" RSSDescription="False" MemberSelectGroup="" Scramble="False" LookupList="" NotEditable="False" Password="False" ReadOnly="False" ManyToManyRulePrimaryField="" ManyToManyRuleSecondaryField="" IsModified="False" IndexColumn="0" IndexSortDirection="" IndexSortOrder="0" IndexWidth="" RedirectID="" RedirectPath="" IsBaseField="False" LookupContent="" RedirectContent="" ManyToManyContent="" ManyToManyRuleContent="" >
			<HelpDefault><![CDATA[A banner image matching the Ad Banner Layout selected.]]></HelpDefault>
		</Field>
		<Field Name="adbannerlink3" Caption="Banner 4 Link" EditTab="Ad Banners" FieldType="Text" Authorable="True" EditSortPriority="1420" DefaultValue="" active="True" AdminOnly="False" DeveloperOnly="False" HTMLContent="False" Required="False" TextBuffered="False" UniqueName="False" RSSTitle="False" RSSDescription="False" MemberSelectGroup="" Scramble="False" LookupList="" NotEditable="False" Password="False" ReadOnly="False" ManyToManyRulePrimaryField="" ManyToManyRuleSecondaryField="" IsModified="False" IndexColumn="0" IndexSortDirection="" IndexSortOrder="0" IndexWidth="" RedirectID="" RedirectPath="" IsBaseField="False" LookupContent="" RedirectContent="" ManyToManyContent="" ManyToManyRuleContent="" >
			<HelpDefault><![CDATA[The url where the user will be sent if they click on the ad banner.]]></HelpDefault>
		</Field>
		<Field Name="adbanner4" Caption="Banner 5" EditTab="Ad Banners" FieldType="File" Authorable="True" EditSortPriority="1510" DefaultValue="" active="True" AdminOnly="False" DeveloperOnly="False" HTMLContent="False" Required="False" TextBuffered="False" UniqueName="False" RSSTitle="False" RSSDescription="False" MemberSelectGroup="" Scramble="False" LookupList="" NotEditable="False" Password="False" ReadOnly="False" ManyToManyRulePrimaryField="" ManyToManyRuleSecondaryField="" IsModified="False" IndexColumn="0" IndexSortDirection="" IndexSortOrder="0" IndexWidth="" RedirectID="" RedirectPath="" IsBaseField="False" LookupContent="" RedirectContent="" ManyToManyContent="" ManyToManyRuleContent="" >
			<HelpDefault><![CDATA[A banner image matching the Ad Banner Layout selected.]]></HelpDefault>
		</Field>
		<Field Name="adbannerlink4" Caption="Banner 5 Link" EditTab="Ad Banners" FieldType="Text" Authorable="True" EditSortPriority="1520" DefaultValue="" active="True" AdminOnly="False" DeveloperOnly="False" HTMLContent="False" Required="False" TextBuffered="False" UniqueName="False" RSSTitle="False" RSSDescription="False" MemberSelectGroup="" Scramble="False" LookupList="" NotEditable="False" Password="False" ReadOnly="False" ManyToManyRulePrimaryField="" ManyToManyRuleSecondaryField="" IsModified="False" IndexColumn="0" IndexSortDirection="" IndexSortOrder="0" IndexWidth="" RedirectID="" RedirectPath="" IsBaseField="False" LookupContent="" RedirectContent="" ManyToManyContent="" ManyToManyRuleContent="" >
			<HelpDefault><![CDATA[The url where the user will be sent if they click on the ad banner.]]></HelpDefault>
		</Field>
		<Field Name="adbanner5" Caption="Banner 6" EditTab="Ad Banners" FieldType="File" Authorable="True" EditSortPriority="1610" DefaultValue="" active="True" AdminOnly="False" DeveloperOnly="False" HTMLContent="False" Required="False" TextBuffered="False" UniqueName="False" RSSTitle="False" RSSDescription="False" MemberSelectGroup="" Scramble="False" LookupList="" NotEditable="False" Password="False" ReadOnly="False" ManyToManyRulePrimaryField="" ManyToManyRuleSecondaryField="" IsModified="False" IndexColumn="0" IndexSortDirection="" IndexSortOrder="0" IndexWidth="" RedirectID="" RedirectPath="" IsBaseField="False" LookupContent="" RedirectContent="" ManyToManyContent="" ManyToManyRuleContent="" >
			<HelpDefault><![CDATA[A banner image matching the Ad Banner Layout selected.]]></HelpDefault>
		</Field>
		<Field Name="adbannerlink5" Caption="Banner 6 Link" EditTab="Ad Banners" FieldType="Text" Authorable="True" EditSortPriority="1620" DefaultValue="" active="True" AdminOnly="False" DeveloperOnly="False" HTMLContent="False" Required="False" TextBuffered="False" UniqueName="False" RSSTitle="False" RSSDescription="False" MemberSelectGroup="" Scramble="False" LookupList="" NotEditable="False" Password="False" ReadOnly="False" ManyToManyRulePrimaryField="" ManyToManyRuleSecondaryField="" IsModified="False" IndexColumn="0" IndexSortDirection="" IndexSortOrder="0" IndexWidth="" RedirectID="" RedirectPath="" IsBaseField="False" LookupContent="" RedirectContent="" ManyToManyContent="" ManyToManyRuleContent="" >
			<HelpDefault><![CDATA[The url where the user will be sent if they click on the ad banner.]]></HelpDefault>
		</Field>
		<Field Name="banners" Caption="Banners" EditTab="Ad Banners" FieldType="ManyToMany" Authorable="False" EditSortPriority="2000" DefaultValue="" active="True" AdminOnly="False" DeveloperOnly="False" HTMLContent="False" Required="False" TextBuffered="False" UniqueName="False" RSSTitle="False" RSSDescription="False" MemberSelectGroup="" Scramble="False" LookupList="" NotEditable="False" Password="False" ReadOnly="False" ManyToManyRulePrimaryField="issueId" ManyToManyRuleSecondaryField="bannerId" IsModified="False" IndexColumn="0" IndexSortDirection="" IndexSortOrder="0" IndexWidth="" RedirectID="" RedirectPath="" IsBaseField="False" LookupContent="" RedirectContent="" ManyToManyContent="Banners" ManyToManyRuleContent="Newsletter Issue Banner Rules" ></Field>
		<Field Name="active" Caption="Active" EditTab="Features" FieldType="Boolean" Authorable="True" EditSortPriority="200" DefaultValue="1" active="True" AdminOnly="False" DeveloperOnly="False" HTMLContent="False" Required="False" TextBuffered="False" UniqueName="False" RSSTitle="False" RSSDescription="False" MemberSelectGroup="" Scramble="False" LookupList="" NotEditable="False" Password="False" ReadOnly="False" ManyToManyRulePrimaryField="" ManyToManyRuleSecondaryField="" IsModified="False" IndexColumn="0" IndexSortDirection="" IndexSortOrder="0" IndexWidth="0" RedirectID="0" RedirectPath="" IsBaseField="False" LookupContent="" RedirectContent="" ManyToManyContent="" ManyToManyRuleContent="" >
			<HelpDefault><![CDATA[Mark inactive to disable the view of this issue]]></HelpDefault>
		</Field>
		<Field Name="bannercampaignid" Caption="Banner Campaign" EditTab="Features" FieldType="Lookup" Authorable="True" EditSortPriority="1000" DefaultValue="" active="True" AdminOnly="False" DeveloperOnly="False" HTMLContent="False" Required="False" TextBuffered="False" UniqueName="False" RSSTitle="False" RSSDescription="False" MemberSelectGroup="" Scramble="False" LookupList="" NotEditable="False" Password="False" ReadOnly="False" ManyToManyRulePrimaryField="" ManyToManyRuleSecondaryField="" IsModified="False" IndexColumn="0" IndexSortDirection="" IndexSortOrder="0" IndexWidth="" RedirectID="" RedirectPath="" IsBaseField="False" LookupContent="" RedirectContent="" ManyToManyContent="" ManyToManyRuleContent="" ></Field>
		<Field Name="sortorder" Caption="Alpha Sort Order" EditTab="Features" FieldType="Text" Authorable="True" EditSortPriority="2000" DefaultValue="" active="True" AdminOnly="False" DeveloperOnly="False" HTMLContent="False" Required="False" TextBuffered="False" UniqueName="False" RSSTitle="False" RSSDescription="False" MemberSelectGroup="" Scramble="False" LookupList="" NotEditable="False" Password="False" ReadOnly="False" ManyToManyRulePrimaryField="" ManyToManyRuleSecondaryField="" IsModified="False" IndexColumn="0" IndexSortDirection="" IndexSortOrder="0" IndexWidth="0" RedirectID="0" RedirectPath="" IsBaseField="False" LookupContent="" RedirectContent="" ManyToManyContent="" ManyToManyRuleContent="" >
			<HelpDefault><![CDATA[Use this field to set a sort order for the newsletter issues. If this field is blank the issues will be sorted by publish date.]]></HelpDefault>
		</Field>
	</CDef>
	<CDef Name="Newsletter Stories" Active="1" AdminOnly="0" AllowAdd="1" AllowCalendarEvents="0" AllowContentChildTool="0" AllowContentTracking="0" AllowDelete="1" AllowMetaContent="" AllowTopicRules="0" AllowWorkflowAuthoring="0" AuthoringDataSourceName="Default" AuthoringTableName="NewsletterIssuePages" ContentDataSourceName="Default" ContentTableName="NewsletterIssuePages" DefaultSortMethod="By Name" DeveloperOnly="0" DropDownFieldList="NAME" EditorGroupName="" Parent="" IconLink="" IconHeight="0" IconWidth="0" IconSprites="0" isbasecontent="0" guid="{BC6DC9D5-FF99-4560-A029-967CDD1405D5}" >
		<Field Name="name" Caption="Name" EditTab="" FieldType="Text" Authorable="True" EditSortPriority="110" DefaultValue="" active="True" AdminOnly="False" DeveloperOnly="False" HTMLContent="False" Required="False" TextBuffered="False" UniqueName="False" RSSTitle="False" RSSDescription="False" MemberSelectGroup="" Scramble="False" LookupList="" NotEditable="False" Password="False" ReadOnly="False" ManyToManyRulePrimaryField="" ManyToManyRuleSecondaryField="" IsModified="False" IndexColumn="10" IndexSortDirection="" IndexSortOrder="99" IndexWidth="31" RedirectID="0" RedirectPath="" IsBaseField="False" LookupContent="" RedirectContent="" ManyToManyContent="" ManyToManyRuleContent="" >
			<HelpDefault><![CDATA[This is the name of your story. It will also be used as the headline.]]></HelpDefault>
		</Field>
		<Field Name="overview" Caption="Cover Overview" EditTab="" FieldType="HTML" Authorable="True" EditSortPriority="1100" DefaultValue="" active="True" AdminOnly="False" DeveloperOnly="False" HTMLContent="False" Required="False" TextBuffered="False" UniqueName="False" RSSTitle="False" RSSDescription="False" MemberSelectGroup="" Scramble="False" LookupList="" NotEditable="False" Password="False" ReadOnly="False" ManyToManyRulePrimaryField="" ManyToManyRuleSecondaryField="" IsModified="False" IndexColumn="-1" IndexSortDirection="" IndexSortOrder="0" IndexWidth="0" RedirectID="" RedirectPath="" IsBaseField="False" LookupContent="" RedirectContent="" ManyToManyContent="" ManyToManyRuleContent="" >
			<HelpDefault><![CDATA[This is the overview for this story. It is displayed on the newsletter cover under the link to the story. This copy will also be used in the RSS feed for the newsletter.]]></HelpDefault>
		</Field>
		<Field Name="coverinfographicthumbnail" Caption="Cover Infographic Thumbnail" EditTab="" FieldType="File" Authorable="True" EditSortPriority="1140" DefaultValue="" active="True" AdminOnly="False" DeveloperOnly="False" HTMLContent="False" Required="False" TextBuffered="False" UniqueName="False" RSSTitle="False" RSSDescription="False" MemberSelectGroup="" Scramble="False" LookupList="" NotEditable="False" Password="False" ReadOnly="False" ManyToManyRulePrimaryField="" ManyToManyRuleSecondaryField="" IsModified="False" IndexColumn="0" IndexSortDirection="" IndexSortOrder="0" IndexWidth="" RedirectID="" RedirectPath="" IsBaseField="False" LookupContent="" RedirectContent="" ManyToManyContent="" ManyToManyRuleContent="" >
			<HelpDefault><![CDATA[This story will include a this infographic thumbnail on both the cover and the full story. If a Infographic is also included (below), the cover and the full story page will link to the infographic (open in new tab).]]></HelpDefault>
		</Field>
		<Field Name="coverinfographic" Caption="Cover Infographic (req. thumbnail)" EditTab="" FieldType="Image" Authorable="True" EditSortPriority="1150" DefaultValue="" active="True" AdminOnly="False" DeveloperOnly="False" HTMLContent="False" Required="False" TextBuffered="False" UniqueName="False" RSSTitle="False" RSSDescription="False" MemberSelectGroup="" Scramble="False" LookupList="" NotEditable="False" Password="False" ReadOnly="False" ManyToManyRulePrimaryField="" ManyToManyRuleSecondaryField="" IsModified="False" IndexColumn="0" IndexSortDirection="" IndexSortOrder="0" IndexWidth="" RedirectID="" RedirectPath="" IsBaseField="False" LookupContent="" RedirectContent="" ManyToManyContent="" ManyToManyRuleContent="" >
			<HelpDefault><![CDATA[If provided, a link will be created for the infographic to open in new tab. If a thumbnail is provided, the thumbnail will be linked.]]></HelpDefault>
		</Field>
		<Field Name="coverinfographicurl" Caption="Cover Infographic URL (alt)" EditTab="" FieldType="Text" Authorable="True" EditSortPriority="1160" DefaultValue="" active="True" AdminOnly="False" DeveloperOnly="False" HTMLContent="False" Required="False" TextBuffered="False" UniqueName="False" RSSTitle="False" RSSDescription="False" MemberSelectGroup="" Scramble="False" LookupList="" NotEditable="False" Password="False" ReadOnly="False" ManyToManyRulePrimaryField="" ManyToManyRuleSecondaryField="" IsModified="False" IndexColumn="0" IndexSortDirection="" IndexSortOrder="0" IndexWidth="" RedirectID="" RedirectPath="" IsBaseField="False" LookupContent="" RedirectContent="" ManyToManyContent="" ManyToManyRuleContent="" >
			<HelpDefault><![CDATA[If this field is included and no Cover Infographic is provided, the thumbnail will be linked to this URL.]]></HelpDefault>
		</Field>
		<Field Name="body" Caption="Full Story" EditTab="" FieldType="HTML" Authorable="True" EditSortPriority="1200" DefaultValue="" active="True" AdminOnly="False" DeveloperOnly="False" HTMLContent="False" Required="False" TextBuffered="False" UniqueName="False" RSSTitle="False" RSSDescription="False" MemberSelectGroup="" Scramble="False" LookupList="" NotEditable="False" Password="False" ReadOnly="False" ManyToManyRulePrimaryField="" ManyToManyRuleSecondaryField="" IsModified="False" IndexColumn="-1" IndexSortDirection="" IndexSortOrder="0" IndexWidth="0" RedirectID="" RedirectPath="" IsBaseField="False" LookupContent="" RedirectContent="" ManyToManyContent="" ManyToManyRuleContent="" >
			<HelpDefault><![CDATA[This is the main body of the story. It is included on the story's page, linked from front page and the In This Issue navigation]]></HelpDefault>
		</Field>
		<Field Name="groupblocks" Caption="Allow Just These Groups" EditTab="Blocking" FieldType="ManyToMany" Authorable="True" EditSortPriority="1000" DefaultValue="" active="True" AdminOnly="False" DeveloperOnly="False" HTMLContent="False" Required="False" TextBuffered="False" UniqueName="False" RSSTitle="False" RSSDescription="False" MemberSelectGroup="" Scramble="False" LookupList="" NotEditable="False" Password="False" ReadOnly="False" ManyToManyRulePrimaryField="NewsletterPageID " ManyToManyRuleSecondaryField="groupId" IsModified="False" IndexColumn="0" IndexSortDirection="" IndexSortOrder="0" IndexWidth="" RedirectID="" RedirectPath="" IsBaseField="False" LookupContent="" RedirectContent="" ManyToManyContent="Groups" ManyToManyRuleContent="Newsletter Story Group Rules" ></Field>
		<Field Name="newsletterid" Caption="Issue" EditTab="Features" FieldType="Lookup" Authorable="True" EditSortPriority="1010" DefaultValue="" active="True" AdminOnly="False" DeveloperOnly="False" HTMLContent="False" Required="False" TextBuffered="False" UniqueName="False" RSSTitle="False" RSSDescription="False" MemberSelectGroup="" Scramble="False" LookupList="" NotEditable="False" Password="False" ReadOnly="False" ManyToManyRulePrimaryField="" ManyToManyRuleSecondaryField="" IsModified="False" IndexColumn="0" IndexSortDirection="" IndexSortOrder="0" IndexWidth="23" RedirectID="0" RedirectPath="" IsBaseField="False" LookupContent="Newsletter Issues" RedirectContent="" ManyToManyContent="" ManyToManyRuleContent="" >
			<HelpDefault><![CDATA[This is the issue in which this story appears.]]></HelpDefault>
		</Field>
		<Field Name="categoryid" Caption="Category" EditTab="Features" FieldType="Lookup" Authorable="True" EditSortPriority="1020" DefaultValue="" active="True" AdminOnly="False" DeveloperOnly="False" HTMLContent="False" Required="False" TextBuffered="False" UniqueName="False" RSSTitle="False" RSSDescription="False" MemberSelectGroup="" Scramble="False" LookupList="" NotEditable="False" Password="False" ReadOnly="False" ManyToManyRulePrimaryField="" ManyToManyRuleSecondaryField="" IsModified="False" IndexColumn="20" IndexSortDirection="" IndexSortOrder="0" IndexWidth="34" RedirectID="0" RedirectPath="" IsBaseField="False" LookupContent="Newsletter Categories" RedirectContent="" ManyToManyContent="" ManyToManyRuleContent="" >
			<HelpDefault><![CDATA[Use optional categories to separate your stories into groups.]]></HelpDefault>
		</Field>
		<Field Name="active" Caption="Active" EditTab="Features" FieldType="Boolean" Authorable="True" EditSortPriority="1030" DefaultValue="1" active="True" AdminOnly="False" DeveloperOnly="False" HTMLContent="False" Required="False" TextBuffered="False" UniqueName="False" RSSTitle="False" RSSDescription="False" MemberSelectGroup="" Scramble="False" LookupList="" NotEditable="False" Password="False" ReadOnly="False" ManyToManyRulePrimaryField="" ManyToManyRuleSecondaryField="" IsModified="False" IndexColumn="0" IndexSortDirection="" IndexSortOrder="0" IndexWidth="0" RedirectID="0" RedirectPath="" IsBaseField="False" LookupContent="" RedirectContent="" ManyToManyContent="" ManyToManyRuleContent="" >
			<HelpDefault><![CDATA[Mark this story inactive will prevent it from displaying in the issue.]]></HelpDefault>
		</Field>
		<Field Name="sortorder" Caption="Sort Order" EditTab="Features" FieldType="Text" Authorable="True" EditSortPriority="1040" DefaultValue="zzz" active="True" AdminOnly="False" DeveloperOnly="False" HTMLContent="False" Required="False" TextBuffered="False" UniqueName="False" RSSTitle="False" RSSDescription="False" MemberSelectGroup="" Scramble="False" LookupList="" NotEditable="False" Password="False" ReadOnly="False" ManyToManyRulePrimaryField="" ManyToManyRuleSecondaryField="" IsModified="False" IndexColumn="-1" IndexSortDirection="" IndexSortOrder="0" IndexWidth="0" RedirectID="" RedirectPath="" IsBaseField="False" LookupContent="" RedirectContent="" ManyToManyContent="" ManyToManyRuleContent="" >
			<HelpDefault><![CDATA[This field determines the order which stories will be displayed on the cover page of the issue, and in the issue navigation.]]></HelpDefault>
		</Field>
		<Field Name="allowprinterpage" Caption="Allow Printer Page" EditTab="Features" FieldType="Boolean" Authorable="False" EditSortPriority="9999" DefaultValue="0" active="True" AdminOnly="False" DeveloperOnly="False" HTMLContent="False" Required="False" TextBuffered="False" UniqueName="False" RSSTitle="False" RSSDescription="False" MemberSelectGroup="" Scramble="False" LookupList="" NotEditable="False" Password="False" ReadOnly="False" ManyToManyRulePrimaryField="" ManyToManyRuleSecondaryField="" IsModified="False" IndexColumn="-1" IndexSortDirection="" IndexSortOrder="0" IndexWidth="0" RedirectID="" RedirectPath="" IsBaseField="False" LookupContent="" RedirectContent="" ManyToManyContent="" ManyToManyRuleContent="" >
			<HelpDefault><![CDATA[Checking this box enables a print link at the top of the story.]]></HelpDefault>
		</Field>
		<Field Name="allowemailpage" Caption="Allow Email Page" EditTab="Features" FieldType="Boolean" Authorable="False" EditSortPriority="9999" DefaultValue="0" active="True" AdminOnly="False" DeveloperOnly="False" HTMLContent="False" Required="False" TextBuffered="False" UniqueName="False" RSSTitle="False" RSSDescription="False" MemberSelectGroup="" Scramble="False" LookupList="" NotEditable="False" Password="False" ReadOnly="False" ManyToManyRulePrimaryField="" ManyToManyRuleSecondaryField="" IsModified="False" IndexColumn="-1" IndexSortDirection="" IndexSortOrder="0" IndexWidth="0" RedirectID="" RedirectPath="" IsBaseField="False" LookupContent="" RedirectContent="" ManyToManyContent="" ManyToManyRuleContent="" >
			<HelpDefault><![CDATA[Checking this box enables an email link at the top of the story.]]></HelpDefault>
		</Field>
		<Field Name="allowreadmore" Caption="Allow Read More" EditTab="Features" FieldType="Boolean" Authorable="False" EditSortPriority="9999" DefaultValue="1" active="True" AdminOnly="False" DeveloperOnly="False" HTMLContent="False" Required="False" TextBuffered="False" UniqueName="False" RSSTitle="False" RSSDescription="False" MemberSelectGroup="" Scramble="False" LookupList="" NotEditable="False" Password="False" ReadOnly="False" ManyToManyRulePrimaryField="" ManyToManyRuleSecondaryField="" IsModified="False" IndexColumn="-1" IndexSortDirection="" IndexSortOrder="0" IndexWidth="0" RedirectID="" RedirectPath="" IsBaseField="False" LookupContent="" RedirectContent="" ManyToManyContent="" ManyToManyRuleContent="" >
			<HelpDefault><![CDATA[When checked, the cover of the newsletter will display the overview copy and include a read-more link to the page with the whole story.]]></HelpDefault>
		</Field>
		<Field Name="rssfeeds" Caption="RSS Feeds" EditTab="RSS Feeds" FieldType="ManyToMany" Authorable="True" EditSortPriority="100" DefaultValue="" active="True" AdminOnly="False" DeveloperOnly="False" HTMLContent="False" Required="False" TextBuffered="False" UniqueName="False" RSSTitle="False" RSSDescription="False" MemberSelectGroup="" Scramble="False" LookupList="" NotEditable="False" Password="False" ReadOnly="False" ManyToManyRulePrimaryField="rssFeedID" ManyToManyRuleSecondaryField="newsletterIssuePageID" IsModified="False" IndexColumn="0" IndexSortDirection="" IndexSortOrder="0" IndexWidth="" RedirectID="" RedirectPath="" IsBaseField="False" LookupContent="" RedirectContent="" ManyToManyContent="RSS Feeds" ManyToManyRuleContent="RSS Feed Newsletter Issue Page Rules" >
			<HelpDefault><![CDATA[(optional) Select the RSS feed(s) you would like this story to be included on. Enter each of the values below for the feed, or leave them blank and they will be automatically populated the first time this story is read on the website.]]></HelpDefault>
		</Field>
		<Field Name="rsstitle" Caption="Title" EditTab="RSS Feeds" FieldType="Text" Authorable="True" EditSortPriority="110" DefaultValue="" active="True" AdminOnly="False" DeveloperOnly="False" HTMLContent="False" Required="False" TextBuffered="False" UniqueName="False" RSSTitle="False" RSSDescription="False" MemberSelectGroup="" Scramble="False" LookupList="" NotEditable="False" Password="False" ReadOnly="False" ManyToManyRulePrimaryField="" ManyToManyRuleSecondaryField="" IsModified="False" IndexColumn="0" IndexSortDirection="" IndexSortOrder="0" IndexWidth="0" RedirectID="" RedirectPath="" IsBaseField="False" LookupContent="" RedirectContent="" ManyToManyContent="" ManyToManyRuleContent="" >
			<HelpDefault><![CDATA[The main title used for the RSS feed story. This is similar to the story name. Leave it blank and it will be automatically populated the first time the story is read on the website.]]></HelpDefault>
		</Field>
		<Field Name="rssdescription" Caption="Description" EditTab="RSS Feeds" FieldType="LongText" Authorable="True" EditSortPriority="120" DefaultValue="" active="True" AdminOnly="False" DeveloperOnly="False" HTMLContent="False" Required="False" TextBuffered="False" UniqueName="False" RSSTitle="False" RSSDescription="False" MemberSelectGroup="" Scramble="False" LookupList="" NotEditable="False" Password="False" ReadOnly="False" ManyToManyRulePrimaryField="" ManyToManyRuleSecondaryField="" IsModified="False" IndexColumn="0" IndexSortDirection="" IndexSortOrder="0" IndexWidth="" RedirectID="" RedirectPath="" IsBaseField="False" LookupContent="" RedirectContent="" ManyToManyContent="" ManyToManyRuleContent="" >
			<HelpDefault><![CDATA[The description of the RSS feed story. This is similar to the story overview. Leave it blank and it will be automatically populated the first time the story is read on the website.]]></HelpDefault>
		</Field>
		<Field Name="rssdatepublish" Caption="Date Publish" EditTab="RSS Feeds" FieldType="Date" Authorable="True" EditSortPriority="130" DefaultValue="" active="True" AdminOnly="False" DeveloperOnly="False" HTMLContent="False" Required="False" TextBuffered="False" UniqueName="False" RSSTitle="False" RSSDescription="False" MemberSelectGroup="" Scramble="False" LookupList="" NotEditable="False" Password="False" ReadOnly="False" ManyToManyRulePrimaryField="" ManyToManyRuleSecondaryField="" IsModified="False" IndexColumn="0" IndexSortDirection="" IndexSortOrder="0" IndexWidth="" RedirectID="" RedirectPath="" IsBaseField="False" LookupContent="" RedirectContent="" ManyToManyContent="" ManyToManyRuleContent="" >
			<HelpDefault><![CDATA[This is the date this story will become available on the RSS Feed. Since this date is independant of the story's issue publich date, you should take care not to make this available in the RSS feed if the link points to a story that is not yet published.]]></HelpDefault>
		</Field>
		<Field Name="rrssdateexpire" Caption="Date Expires" EditTab="RSS Feeds" FieldType="Date" Authorable="True" EditSortPriority="140" DefaultValue="" active="True" AdminOnly="False" DeveloperOnly="False" HTMLContent="False" Required="False" TextBuffered="False" UniqueName="False" RSSTitle="False" RSSDescription="False" MemberSelectGroup="" Scramble="False" LookupList="" NotEditable="False" Password="False" ReadOnly="False" ManyToManyRulePrimaryField="" ManyToManyRuleSecondaryField="" IsModified="False" IndexColumn="0" IndexSortDirection="" IndexSortOrder="0" IndexWidth="" RedirectID="" RedirectPath="" IsBaseField="False" LookupContent="" RedirectContent="" ManyToManyContent="" ManyToManyRuleContent="" >
			<HelpDefault><![CDATA[After this date the story will no longer be available on the RSS feed.]]></HelpDefault>
		</Field>
		<Field Name="rsslink" Caption="RSS Link Override" EditTab="RSS Feeds" FieldType="Link" Authorable="True" EditSortPriority="150" DefaultValue="" active="True" AdminOnly="False" DeveloperOnly="False" HTMLContent="False" Required="False" TextBuffered="False" UniqueName="False" RSSTitle="False" RSSDescription="False" MemberSelectGroup="" Scramble="False" LookupList="" NotEditable="False" Password="False" ReadOnly="False" ManyToManyRulePrimaryField="" ManyToManyRuleSecondaryField="" IsModified="False" IndexColumn="0" IndexSortDirection="" IndexSortOrder="0" IndexWidth="" RedirectID="" RedirectPath="" IsBaseField="False" LookupContent="" RedirectContent="" ManyToManyContent="" ManyToManyRuleContent="" >
			<HelpDefault><![CDATA[Enter the link which the RSS feed will use when someone clicks on the Title. This should take them to the story within the site. Leave it blank and it will be automatically populated the first time the story is read on the website.]]></HelpDefault>
		</Field>
	</CDef>
	<CDef Name="Newsletter Story Group Rules" Active="1" AdminOnly="0" AllowAdd="1" AllowCalendarEvents="0" AllowContentChildTool="0" AllowContentTracking="0" AllowDelete="1" AllowMetaContent="" AllowTopicRules="0" AllowWorkflowAuthoring="0" AuthoringDataSourceName="Default" AuthoringTableName="NewsletterPageGroupRules" ContentDataSourceName="Default" ContentTableName="NewsletterPageGroupRules" DefaultSortMethod="By Name" DeveloperOnly="1" DropDownFieldList="NAME" EditorGroupName="" Parent="" IconLink="" IconHeight="0" IconWidth="0" IconSprites="0" isbasecontent="0" guid="{F95F0832-E773-49E5-B287-C389AE9DFDCA}" >
		<Field Name="name" Caption="Name" EditTab="" FieldType="Text" Authorable="True" EditSortPriority="110" DefaultValue="" active="True" AdminOnly="False" DeveloperOnly="False" HTMLContent="False" Required="False" TextBuffered="False" UniqueName="False" RSSTitle="False" RSSDescription="False" MemberSelectGroup="" Scramble="False" LookupList="" NotEditable="False" Password="False" ReadOnly="False" ManyToManyRulePrimaryField="" ManyToManyRuleSecondaryField="" IsModified="False" IndexColumn="0" IndexSortDirection="" IndexSortOrder="0" IndexWidth="0" RedirectID="0" RedirectPath="" IsBaseField="False" LookupContent="" RedirectContent="" ManyToManyContent="" ManyToManyRuleContent="" >
			<HelpDefault><![CDATA[The name for this rule. It is not required but helpful if you later need to locate this rule in a list.]]></HelpDefault>
		</Field>
		<Field Name="groupid" Caption="Group" EditTab="" FieldType="Lookup" Authorable="True" EditSortPriority="300" DefaultValue="" active="True" AdminOnly="False" DeveloperOnly="False" HTMLContent="False" Required="False" TextBuffered="False" UniqueName="False" RSSTitle="False" RSSDescription="False" MemberSelectGroup="" Scramble="False" LookupList="" NotEditable="False" Password="False" ReadOnly="False" ManyToManyRulePrimaryField="" ManyToManyRuleSecondaryField="" IsModified="False" IndexColumn="-1" IndexSortDirection="" IndexSortOrder="0" IndexWidth="0" RedirectID="" RedirectPath="" IsBaseField="False" LookupContent="Groups" RedirectContent="" ManyToManyContent="" ManyToManyRuleContent="" >
			<HelpDefault><![CDATA[When selected, this rule only applies to this group.]]></HelpDefault>
		</Field>
		<Field Name="newsletterpageid" Caption="Story" EditTab="" FieldType="Lookup" Authorable="True" EditSortPriority="400" DefaultValue="" active="True" AdminOnly="False" DeveloperOnly="False" HTMLContent="False" Required="False" TextBuffered="False" UniqueName="False" RSSTitle="False" RSSDescription="False" MemberSelectGroup="" Scramble="False" LookupList="" NotEditable="False" Password="False" ReadOnly="False" ManyToManyRulePrimaryField="" ManyToManyRuleSecondaryField="" IsModified="False" IndexColumn="-1" IndexSortDirection="" IndexSortOrder="0" IndexWidth="0" RedirectID="" RedirectPath="" IsBaseField="False" LookupContent="Newsletter Stories" RedirectContent="" ManyToManyContent="" ManyToManyRuleContent="" >
			<HelpDefault><![CDATA[When selected, this rule only applies to this story.]]></HelpDefault>
		</Field>
		<Field Name="sortorder" Caption="Alpha Sort Order" EditTab="" FieldType="Text" Authorable="False" EditSortPriority="2000" DefaultValue="" active="True" AdminOnly="False" DeveloperOnly="False" HTMLContent="False" Required="False" TextBuffered="False" UniqueName="False" RSSTitle="False" RSSDescription="False" MemberSelectGroup="" Scramble="False" LookupList="" NotEditable="False" Password="False" ReadOnly="False" ManyToManyRulePrimaryField="" ManyToManyRuleSecondaryField="" IsModified="False" IndexColumn="0" IndexSortDirection="" IndexSortOrder="0" IndexWidth="0" RedirectID="0" RedirectPath="" IsBaseField="False" LookupContent="" RedirectContent="" ManyToManyContent="" ManyToManyRuleContent="" ></Field>
		<Field Name="active" Caption="Active" EditTab="" FieldType="Boolean" Authorable="False" EditSortPriority="9999" DefaultValue="1" active="True" AdminOnly="False" DeveloperOnly="False" HTMLContent="False" Required="False" TextBuffered="False" UniqueName="False" RSSTitle="False" RSSDescription="False" MemberSelectGroup="" Scramble="False" LookupList="" NotEditable="False" Password="False" ReadOnly="False" ManyToManyRulePrimaryField="" ManyToManyRuleSecondaryField="" IsModified="False" IndexColumn="0" IndexSortDirection="" IndexSortOrder="0" IndexWidth="0" RedirectID="0" RedirectPath="" IsBaseField="False" LookupContent="" RedirectContent="" ManyToManyContent="" ManyToManyRuleContent="" ></Field>
	</CDef>
	<CDef Name="Newsletter Templates" Active="1" AdminOnly="0" AllowAdd="1" AllowCalendarEvents="0" AllowContentChildTool="0" AllowContentTracking="0" AllowDelete="1" AllowMetaContent="" AllowTopicRules="0" AllowWorkflowAuthoring="0" AuthoringDataSourceName="Default" AuthoringTableName="NewsletterTemplates" ContentDataSourceName="Default" ContentTableName="NewsletterTemplates" DefaultSortMethod="By Name" DeveloperOnly="0" DropDownFieldList="NAME" EditorGroupName="" Parent="" IconLink="" IconHeight="0" IconWidth="0" IconSprites="0" isbasecontent="0" guid="{84D3FFD9-95D7-4161-9CFE-3371AA62835E}" >
		<Field Name="name" Caption="Name" EditTab="" FieldType="Text" Authorable="True" EditSortPriority="110" DefaultValue="" active="True" AdminOnly="False" DeveloperOnly="False" HTMLContent="False" Required="False" TextBuffered="False" UniqueName="False" RSSTitle="False" RSSDescription="False" MemberSelectGroup="" Scramble="False" LookupList="" NotEditable="False" Password="False" ReadOnly="False" ManyToManyRulePrimaryField="" ManyToManyRuleSecondaryField="" IsModified="False" IndexColumn="0" IndexSortDirection="" IndexSortOrder="0" IndexWidth="0" RedirectID="0" RedirectPath="" IsBaseField="False" LookupContent="" RedirectContent="" ManyToManyContent="" ManyToManyRuleContent="" >
			<HelpDefault><![CDATA[The name you use for this template. This name will not be visible to people who see your newsletter.]]></HelpDefault>
		</Field>
		<Field Name="template" Caption="Template" EditTab="" FieldType="HTML" Authorable="True" EditSortPriority="1000" DefaultValue="" active="True" AdminOnly="False" DeveloperOnly="False" HTMLContent="True" Required="False" TextBuffered="False" UniqueName="False" RSSTitle="False" RSSDescription="False" MemberSelectGroup="" Scramble="False" LookupList="" NotEditable="False" Password="False" ReadOnly="False" ManyToManyRulePrimaryField="" ManyToManyRuleSecondaryField="" IsModified="False" IndexColumn="0" IndexSortDirection="" IndexSortOrder="0" IndexWidth="0" RedirectID="0" RedirectPath="" IsBaseField="False" LookupContent="" RedirectContent="" ManyToManyContent="" ManyToManyRuleContent="" >
			<HelpDefault><![CDATA[This is the newsletter template. Since newsletters can generate a group email, it is recommended that you include all styles needed inlinem, and NOT reference styles from the site stylesheet.]]></HelpDefault>
		</Field>
		<Field Name="sortorder" Caption="Alpha Sort Order" EditTab="" FieldType="Text" Authorable="False" EditSortPriority="2000" DefaultValue="" active="True" AdminOnly="False" DeveloperOnly="False" HTMLContent="False" Required="False" TextBuffered="False" UniqueName="False" RSSTitle="False" RSSDescription="False" MemberSelectGroup="" Scramble="False" LookupList="" NotEditable="False" Password="False" ReadOnly="False" ManyToManyRulePrimaryField="" ManyToManyRuleSecondaryField="" IsModified="False" IndexColumn="0" IndexSortDirection="" IndexSortOrder="0" IndexWidth="0" RedirectID="0" RedirectPath="" IsBaseField="False" LookupContent="" RedirectContent="" ManyToManyContent="" ManyToManyRuleContent="" ></Field>
		<Field Name="active" Caption="Active" EditTab="" FieldType="Boolean" Authorable="False" EditSortPriority="9999" DefaultValue="1" active="True" AdminOnly="False" DeveloperOnly="False" HTMLContent="False" Required="False" TextBuffered="False" UniqueName="False" RSSTitle="False" RSSDescription="False" MemberSelectGroup="" Scramble="False" LookupList="" NotEditable="False" Password="False" ReadOnly="False" ManyToManyRulePrimaryField="" ManyToManyRuleSecondaryField="" IsModified="False" IndexColumn="0" IndexSortDirection="" IndexSortOrder="0" IndexWidth="0" RedirectID="0" RedirectPath="" IsBaseField="False" LookupContent="" RedirectContent="" ManyToManyContent="" ManyToManyRuleContent="" ></Field>
	</CDef>
	<CDef Name="Newsletters" Active="1" AdminOnly="0" AllowAdd="1" AllowCalendarEvents="0" AllowContentChildTool="0" AllowContentTracking="0" AllowDelete="1" AllowMetaContent="" AllowTopicRules="0" AllowWorkflowAuthoring="0" AuthoringDataSourceName="Default" AuthoringTableName="Newsletters" ContentDataSourceName="Default" ContentTableName="Newsletters" DefaultSortMethod="By Name" DeveloperOnly="0" DropDownFieldList="NAME" EditorGroupName="" Parent="" IconLink="" IconHeight="0" IconWidth="0" IconSprites="0" isbasecontent="0" guid="{EE578D56-7BA8-454E-BB94-0495736EF462}" >
		<Field Name="name" Caption="Name" EditTab="" FieldType="Text" Authorable="True" EditSortPriority="110" DefaultValue="" active="True" AdminOnly="False" DeveloperOnly="False" HTMLContent="False" Required="False" TextBuffered="False" UniqueName="False" RSSTitle="False" RSSDescription="False" MemberSelectGroup="" Scramble="False" LookupList="" NotEditable="False" Password="False" ReadOnly="False" ManyToManyRulePrimaryField="" ManyToManyRuleSecondaryField="" IsModified="False" IndexColumn="0" IndexSortDirection="" IndexSortOrder="99" IndexWidth="18" RedirectID="0" RedirectPath="" IsBaseField="False" LookupContent="" RedirectContent="" ManyToManyContent="" ManyToManyRuleContent="" >
			<HelpDefault><![CDATA[The name for this newsletter. For instance, Current News, or Industry News. Each issue will have it's own name, such as January Edition.]]></HelpDefault>
		</Field>
		<Field Name="templateid" Caption="Template" EditTab="Features" FieldType="Lookup" Authorable="True" EditSortPriority="1200" DefaultValue="" active="True" AdminOnly="False" DeveloperOnly="False" HTMLContent="False" Required="False" TextBuffered="False" UniqueName="False" RSSTitle="False" RSSDescription="False" MemberSelectGroup="" Scramble="False" LookupList="" NotEditable="False" Password="False" ReadOnly="False" ManyToManyRulePrimaryField="" ManyToManyRuleSecondaryField="" IsModified="False" IndexColumn="10" IndexSortDirection="" IndexSortOrder="99" IndexWidth="32" RedirectID="0" RedirectPath="" IsBaseField="False" LookupContent="Newsletter Templates" RedirectContent="" ManyToManyContent="" ManyToManyRuleContent="" >
			<HelpDefault><![CDATA[Select the template for this newsletter. The template is the html document that your newsletter stories will be added to.]]></HelpDefault>
		</Field>
		<Field Name="emailtemplateid" Caption="Email Template (optional)" EditTab="Features" FieldType="Lookup" Authorable="True" EditSortPriority="1300" DefaultValue="" active="True" AdminOnly="False" DeveloperOnly="False" HTMLContent="False" Required="False" TextBuffered="False" UniqueName="False" RSSTitle="False" RSSDescription="False" MemberSelectGroup="" Scramble="False" LookupList="" NotEditable="False" Password="False" ReadOnly="False" ManyToManyRulePrimaryField="" ManyToManyRuleSecondaryField="" IsModified="False" IndexColumn="20" IndexSortDirection="" IndexSortOrder="99" IndexWidth="40" RedirectID="" RedirectPath="" IsBaseField="False" LookupContent="Newsletter Templates" RedirectContent="" ManyToManyContent="" ManyToManyRuleContent="" >
			<HelpDefault><![CDATA[If you have a different template for email, select it here. If None, then the standard Newsletter template will be used for email as well.]]></HelpDefault>
		</Field>
		<Field Name="mastheadfilename" Caption="Masthead Image" EditTab="Features" FieldType="File" Authorable="True" EditSortPriority="1400" DefaultValue="" active="True" AdminOnly="False" DeveloperOnly="False" HTMLContent="False" Required="False" TextBuffered="False" UniqueName="False" RSSTitle="False" RSSDescription="False" MemberSelectGroup="" Scramble="False" LookupList="" NotEditable="False" Password="False" ReadOnly="False" ManyToManyRulePrimaryField="" ManyToManyRuleSecondaryField="" IsModified="False" IndexColumn="0" IndexSortDirection="" IndexSortOrder="0" IndexWidth="" RedirectID="" RedirectPath="" IsBaseField="False" LookupContent="" RedirectContent="" ManyToManyContent="" ManyToManyRuleContent="" >
			<HelpDefault><![CDATA[ Optional. If your template(s) include an html element with a class newsHeaderMasthead, an html img tag will be inserted into that element. The default template uses and image 600px wide x 246px tall.]]></HelpDefault>
		</Field>
		<Field Name="footerfilename" Caption="Footer Image " EditTab="Features" FieldType="File" Authorable="True" EditSortPriority="1410" DefaultValue="" active="True" AdminOnly="False" DeveloperOnly="False" HTMLContent="False" Required="False" TextBuffered="False" UniqueName="False" RSSTitle="False" RSSDescription="False" MemberSelectGroup="" Scramble="False" LookupList="" NotEditable="False" Password="False" ReadOnly="False" ManyToManyRulePrimaryField="" ManyToManyRuleSecondaryField="" IsModified="False" IndexColumn="0" IndexSortDirection="" IndexSortOrder="0" IndexWidth="" RedirectID="" RedirectPath="" IsBaseField="False" LookupContent="" RedirectContent="" ManyToManyContent="" ManyToManyRuleContent="" >
			<HelpDefault><![CDATA[Optional. If your template(s) include an html element like a div with a class newsFooter, an html img tag will be inserted into that element. The default template uses and image 600px wide x 169px tall.]]></HelpDefault>
		</Field>
		<Field Name="searchresultsperpage" Caption="Search Results per Page" EditTab="Features" FieldType="Integer" Authorable="True" EditSortPriority="1500" DefaultValue="99999" active="True" AdminOnly="False" DeveloperOnly="False" HTMLContent="False" Required="False" TextBuffered="False" UniqueName="False" RSSTitle="False" RSSDescription="False" MemberSelectGroup="" Scramble="False" LookupList="" NotEditable="False" Password="False" ReadOnly="False" ManyToManyRulePrimaryField="" ManyToManyRuleSecondaryField="" IsModified="False" IndexColumn="0" IndexSortDirection="" IndexSortOrder="0" IndexWidth="" RedirectID="" RedirectPath="" IsBaseField="False" LookupContent="" RedirectContent="" ManyToManyContent="" ManyToManyRuleContent="" >
			<HelpDefault><![CDATA[The number of archive issues to display in the archive issue list.]]></HelpDefault>
		</Field>
		<Field Name="archiveissuestodisplay" Caption="Archive Issues To Display" EditTab="Features" FieldType="Integer" Authorable="True" EditSortPriority="1500" DefaultValue="10" active="True" AdminOnly="False" DeveloperOnly="False" HTMLContent="False" Required="False" TextBuffered="False" UniqueName="False" RSSTitle="False" RSSDescription="False" MemberSelectGroup="" Scramble="False" LookupList="" NotEditable="False" Password="False" ReadOnly="False" ManyToManyRulePrimaryField="" ManyToManyRuleSecondaryField="" IsModified="False" IndexColumn="0" IndexSortDirection="" IndexSortOrder="0" IndexWidth="" RedirectID="" RedirectPath="" IsBaseField="False" LookupContent="" RedirectContent="" ManyToManyContent="" ManyToManyRuleContent="" >
			<HelpDefault><![CDATA[The number of archive issues to display in the archive issue list.]]></HelpDefault>
		</Field>
		<Field Name="blockarchivesearchform" Caption="Block Archive Search Form" EditTab="Features" FieldType="Boolean" Authorable="True" EditSortPriority="1600" DefaultValue="true" active="True" AdminOnly="False" DeveloperOnly="False" HTMLContent="False" Required="False" TextBuffered="False" UniqueName="False" RSSTitle="False" RSSDescription="False" MemberSelectGroup="" Scramble="False" LookupList="" NotEditable="False" Password="False" ReadOnly="False" ManyToManyRulePrimaryField="" ManyToManyRuleSecondaryField="" IsModified="False" IndexColumn="0" IndexSortDirection="" IndexSortOrder="0" IndexWidth="0" RedirectID="0" RedirectPath="" IsBaseField="False" LookupContent="" RedirectContent="" ManyToManyContent="" ManyToManyRuleContent="" >
			<HelpDefault><![CDATA[Mark inactive to disable the view of this issue]]></HelpDefault>
		</Field>
		<Field Name="active" Caption="Active" EditTab="Features" FieldType="Boolean" Authorable="False" EditSortPriority="9999" DefaultValue="1" active="True" AdminOnly="False" DeveloperOnly="False" HTMLContent="False" Required="False" TextBuffered="False" UniqueName="False" RSSTitle="False" RSSDescription="False" MemberSelectGroup="" Scramble="False" LookupList="" NotEditable="False" Password="False" ReadOnly="False" ManyToManyRulePrimaryField="" ManyToManyRuleSecondaryField="" IsModified="False" IndexColumn="0" IndexSortDirection="" IndexSortOrder="0" IndexWidth="0" RedirectID="0" RedirectPath="" IsBaseField="False" LookupContent="" RedirectContent="" ManyToManyContent="" ManyToManyRuleContent="" ></Field>
		<Field Name="sortorder" Caption="Alpha Sort Order" EditTab="Features" FieldType="Text" Authorable="False" EditSortPriority="9999" DefaultValue="" active="True" AdminOnly="False" DeveloperOnly="False" HTMLContent="False" Required="False" TextBuffered="False" UniqueName="False" RSSTitle="False" RSSDescription="False" MemberSelectGroup="" Scramble="False" LookupList="" NotEditable="False" Password="False" ReadOnly="False" ManyToManyRulePrimaryField="" ManyToManyRuleSecondaryField="" IsModified="False" IndexColumn="0" IndexSortDirection="" IndexSortOrder="0" IndexWidth="0" RedirectID="0" RedirectPath="" IsBaseField="False" LookupContent="" RedirectContent="" ManyToManyContent="" ManyToManyRuleContent="" ></Field>
		<Field Name="stylesfilename" Caption="Legacy Styles" EditTab="Styles" FieldType="CSSFile" Authorable="False" EditSortPriority="0" DefaultValue="" active="True" AdminOnly="False" DeveloperOnly="False" HTMLContent="False" Required="False" TextBuffered="False" UniqueName="False" RSSTitle="False" RSSDescription="False" MemberSelectGroup="" Scramble="False" LookupList="" NotEditable="False" Password="False" ReadOnly="False" ManyToManyRulePrimaryField="" ManyToManyRuleSecondaryField="" IsModified="False" IndexColumn="0" IndexSortDirection="" IndexSortOrder="0" IndexWidth="" RedirectID="" RedirectPath="" IsBaseField="False" LookupContent="" RedirectContent="" ManyToManyContent="" ManyToManyRuleContent="" ></Field>
		<Field Name="padtop" Caption="Top Padding" EditTab="Styles" FieldType="Boolean" Authorable="True" EditSortPriority="2000" DefaultValue="0" active="True" AdminOnly="False" DeveloperOnly="False" HTMLContent="False" Required="False" TextBuffered="False" UniqueName="False" RSSTitle="False" RSSDescription="False" MemberSelectGroup="" Scramble="False" LookupList="" NotEditable="False" Password="False" ReadOnly="False" ManyToManyRulePrimaryField="" ManyToManyRuleSecondaryField="" IsModified="False" IndexColumn="0" IndexSortDirection="" IndexSortOrder="0" IndexWidth="0" RedirectID="" RedirectPath="" IsBaseField="False" LookupContent="" RedirectContent="" ManyToManyContent="" ManyToManyRuleContent="" >
			<HelpDefault><![CDATA[Add space between the edge of the block and the content.]]></HelpDefault>
		</Field>
		<Field Name="padright" Caption="Right Padding" EditTab="Styles" FieldType="Boolean" Authorable="True" EditSortPriority="2010" DefaultValue="0" active="True" AdminOnly="False" DeveloperOnly="False" HTMLContent="False" Required="False" TextBuffered="False" UniqueName="False" RSSTitle="False" RSSDescription="False" MemberSelectGroup="" Scramble="False" LookupList="" NotEditable="False" Password="False" ReadOnly="False" ManyToManyRulePrimaryField="" ManyToManyRuleSecondaryField="" IsModified="False" IndexColumn="0" IndexSortDirection="" IndexSortOrder="0" IndexWidth="0" RedirectID="" RedirectPath="" IsBaseField="False" LookupContent="" RedirectContent="" ManyToManyContent="" ManyToManyRuleContent="" >
			<HelpDefault><![CDATA[Add space between the edge of the block and the content.]]></HelpDefault>
		</Field>
		<Field Name="padbottom" Caption="Bottom Padding" EditTab="Styles" FieldType="Boolean" Authorable="True" EditSortPriority="2020" DefaultValue="0" active="True" AdminOnly="False" DeveloperOnly="False" HTMLContent="False" Required="False" TextBuffered="False" UniqueName="False" RSSTitle="False" RSSDescription="False" MemberSelectGroup="" Scramble="False" LookupList="" NotEditable="False" Password="False" ReadOnly="False" ManyToManyRulePrimaryField="" ManyToManyRuleSecondaryField="" IsModified="False" IndexColumn="0" IndexSortDirection="" IndexSortOrder="0" IndexWidth="0" RedirectID="" RedirectPath="" IsBaseField="False" LookupContent="" RedirectContent="" ManyToManyContent="" ManyToManyRuleContent="" >
			<HelpDefault><![CDATA[Add space between the edge of the block and the content.]]></HelpDefault>
		</Field>
		<Field Name="padleft" Caption="Left Padding" EditTab="Styles" FieldType="Boolean" Authorable="True" EditSortPriority="2030" DefaultValue="0" active="True" AdminOnly="False" DeveloperOnly="False" HTMLContent="False" Required="False" TextBuffered="False" UniqueName="False" RSSTitle="False" RSSDescription="False" MemberSelectGroup="" Scramble="False" LookupList="" NotEditable="False" Password="False" ReadOnly="False" ManyToManyRulePrimaryField="" ManyToManyRuleSecondaryField="" IsModified="False" IndexColumn="0" IndexSortDirection="" IndexSortOrder="0" IndexWidth="0" RedirectID="" RedirectPath="" IsBaseField="False" LookupContent="" RedirectContent="" ManyToManyContent="" ManyToManyRuleContent="" >
			<HelpDefault><![CDATA[Add space between the edge of the block and the content.]]></HelpDefault>
		</Field>
		<Field Name="backgroundimagefilename" Caption="Background Image" EditTab="Styles" FieldType="File" Authorable="True" EditSortPriority="2040" DefaultValue="" active="True" AdminOnly="False" DeveloperOnly="False" HTMLContent="False" Required="False" TextBuffered="False" UniqueName="False" RSSTitle="False" RSSDescription="False" MemberSelectGroup="" Scramble="False" LookupList="" NotEditable="False" Password="False" ReadOnly="False" ManyToManyRulePrimaryField="" ManyToManyRuleSecondaryField="" IsModified="False" IndexColumn="0" IndexSortDirection="" IndexSortOrder="0" IndexWidth="0" RedirectID="" RedirectPath="" IsBaseField="False" LookupContent="" RedirectContent="" ManyToManyContent="" ManyToManyRuleContent="" >
			<HelpDefault><![CDATA[Add a background image to the design block. It will be reduced in size to cover the entire background.]]></HelpDefault>
		</Field>
		<Field Name="asfullbleed" Caption="Add Container Margin for Full Bleed template" EditTab="Styles" FieldType="Boolean" Authorable="True" EditSortPriority="2050" DefaultValue="0" active="True" AdminOnly="False" DeveloperOnly="False" HTMLContent="False" Required="False" TextBuffered="False" UniqueName="False" RSSTitle="False" RSSDescription="False" MemberSelectGroup="" Scramble="False" LookupList="" NotEditable="False" Password="False" ReadOnly="False" ManyToManyRulePrimaryField="" ManyToManyRuleSecondaryField="" IsModified="False" IndexColumn="0" IndexSortDirection="" IndexSortOrder="0" IndexWidth="0" RedirectID="" RedirectPath="" IsBaseField="False" LookupContent="" RedirectContent="" ManyToManyContent="" ManyToManyRuleContent="" >
			<HelpDefault><![CDATA[When not checked, this design block should be used within a container. When checked, the block is expected to span the full width of the screen and may create its own container.]]></HelpDefault>
		</Field>
		<Field Name="styleheight" Caption="Height (with units)" EditTab="Styles" FieldType="Text" Authorable="True" EditSortPriority="3000" DefaultValue="" active="True" AdminOnly="False" DeveloperOnly="False" HTMLContent="False" Required="False" TextBuffered="False" UniqueName="False" RSSTitle="False" RSSDescription="False" MemberSelectGroup="" Scramble="False" LookupList="" NotEditable="False" Password="False" ReadOnly="False" ManyToManyRulePrimaryField="" ManyToManyRuleSecondaryField="" IsModified="False" IndexColumn="0" IndexSortDirection="" IndexSortOrder="0" IndexWidth="" RedirectID="" RedirectPath="" IsBaseField="False" LookupContent="" RedirectContent="" ManyToManyContent="" ManyToManyRuleContent="" >
			<HelpDefault><![CDATA[Optional. Set a style height and the design block will be forced this this height. Include both the number and the units, like 500px or 20em.]]></HelpDefault>
		</Field>
		<Field Name="themestyleid" Caption="Block Wrapper Class" EditTab="Styles" FieldType="Lookup" Authorable="True" EditSortPriority="4020" DefaultValue="" active="True" AdminOnly="False" DeveloperOnly="False" HTMLContent="False" Required="False" TextBuffered="False" UniqueName="False" RSSTitle="False" RSSDescription="False" MemberSelectGroup="" Scramble="False" LookupList="" NotEditable="False" Password="False" ReadOnly="False" ManyToManyRulePrimaryField="" ManyToManyRuleSecondaryField="" IsModified="False" IndexColumn="0" IndexSortDirection="" IndexSortOrder="0" IndexWidth="0" RedirectID="" RedirectPath="" IsBaseField="False" LookupContent="Design Block Themes" RedirectContent="" ManyToManyContent="" ManyToManyRuleContent="" >
			<HelpDefault><![CDATA[Optional. Select a css class selector to be added to the block's wrapper. Use this feature to customize the layout styles. To add a custom style, add the css class selector in the content 'Design Block Themes' and add the css code to the style sheet in the site's theme addon.]]></HelpDefault>
		</Field>
	</CDef>
	<CDef Name="RSS Feed Newsletter Issue Page Rules" Active="1" AdminOnly="0" AllowAdd="1" AllowCalendarEvents="0" AllowContentChildTool="0" AllowContentTracking="0" AllowDelete="1" AllowMetaContent="" AllowTopicRules="0" AllowWorkflowAuthoring="0" AuthoringDataSourceName="Default" AuthoringTableName="ccRSSFeedRules" ContentDataSourceName="Default" ContentTableName="ccRSSFeedRules" DefaultSortMethod="By Name" DeveloperOnly="1" DropDownFieldList="Name" EditorGroupName="" Parent="" IconLink="" IconHeight="0" IconWidth="0" IconSprites="0" isbasecontent="0" guid="{A07BD4CF-CB73-4346-AE4A-EC66C8D897CE}" >
		<Field Name="name" Caption="Name" EditTab="" FieldType="Text" Authorable="True" EditSortPriority="110" DefaultValue="" active="True" AdminOnly="False" DeveloperOnly="False" HTMLContent="False" Required="False" TextBuffered="False" UniqueName="False" RSSTitle="False" RSSDescription="False" MemberSelectGroup="" Scramble="False" LookupList="" NotEditable="False" Password="False" ReadOnly="False" ManyToManyRulePrimaryField="" ManyToManyRuleSecondaryField="" IsModified="False" IndexColumn="0" IndexSortDirection="" IndexSortOrder="0" IndexWidth="0" RedirectID="0" RedirectPath="" IsBaseField="False" LookupContent="" RedirectContent="" ManyToManyContent="" ManyToManyRuleContent="" >
			<HelpDefault><![CDATA[The name for this rule. It is not required but can be helpful top locate this rule in a list.]]></HelpDefault>
		</Field>
		<Field Name="rssfeedid" Caption="RSS Feed" EditTab="" FieldType="Lookup" Authorable="True" EditSortPriority="300" DefaultValue="" active="True" AdminOnly="False" DeveloperOnly="False" HTMLContent="False" Required="False" TextBuffered="False" UniqueName="False" RSSTitle="False" RSSDescription="False" MemberSelectGroup="" Scramble="False" LookupList="" NotEditable="False" Password="False" ReadOnly="False" ManyToManyRulePrimaryField="" ManyToManyRuleSecondaryField="" IsModified="False" IndexColumn="0" IndexSortDirection="" IndexSortOrder="0" IndexWidth="" RedirectID="" RedirectPath="" IsBaseField="False" LookupContent="RSS Feeds" RedirectContent="" ManyToManyContent="" ManyToManyRuleContent="" >
			<HelpDefault><![CDATA[When selected, this rule only applies to this RSS Feed.]]></HelpDefault>
		</Field>
		<Field Name="newsletterissuepageid" Caption="Newsletter Story" EditTab="" FieldType="Lookup" Authorable="True" EditSortPriority="310" DefaultValue="" active="True" AdminOnly="False" DeveloperOnly="False" HTMLContent="False" Required="False" TextBuffered="False" UniqueName="False" RSSTitle="False" RSSDescription="False" MemberSelectGroup="" Scramble="False" LookupList="" NotEditable="False" Password="False" ReadOnly="False" ManyToManyRulePrimaryField="" ManyToManyRuleSecondaryField="" IsModified="False" IndexColumn="0" IndexSortDirection="" IndexSortOrder="0" IndexWidth="" RedirectID="" RedirectPath="" IsBaseField="False" LookupContent="Newsletter Stories" RedirectContent="" ManyToManyContent="" ManyToManyRuleContent="" >
			<HelpDefault><![CDATA[When selected, this rule only applies to this Newsletter Story.]]></HelpDefault>
		</Field>
		<Field Name="sortorder" Caption="Alpha Sort Order" EditTab="" FieldType="Text" Authorable="False" EditSortPriority="2000" DefaultValue="" active="True" AdminOnly="False" DeveloperOnly="False" HTMLContent="False" Required="False" TextBuffered="False" UniqueName="False" RSSTitle="False" RSSDescription="False" MemberSelectGroup="" Scramble="False" LookupList="" NotEditable="False" Password="False" ReadOnly="False" ManyToManyRulePrimaryField="" ManyToManyRuleSecondaryField="" IsModified="False" IndexColumn="0" IndexSortDirection="" IndexSortOrder="0" IndexWidth="0" RedirectID="0" RedirectPath="" IsBaseField="False" LookupContent="" RedirectContent="" ManyToManyContent="" ManyToManyRuleContent="" ></Field>
		<Field Name="active" Caption="Active" EditTab="" FieldType="Boolean" Authorable="False" EditSortPriority="9999" DefaultValue="1" active="True" AdminOnly="False" DeveloperOnly="False" HTMLContent="False" Required="False" TextBuffered="False" UniqueName="False" RSSTitle="False" RSSDescription="False" MemberSelectGroup="" Scramble="False" LookupList="" NotEditable="False" Password="False" ReadOnly="False" ManyToManyRulePrimaryField="" ManyToManyRuleSecondaryField="" IsModified="False" IndexColumn="0" IndexSortDirection="" IndexSortOrder="0" IndexWidth="0" RedirectID="0" RedirectPath="" IsBaseField="False" LookupContent="" RedirectContent="" ManyToManyContent="" ManyToManyRuleContent="" ></Field>
	</CDef>
	<ImportCollection name="RSS">{06791870-0EF8-48CB-AC54-2327FF5A1C40}</ImportCollection>
	<ImportCollection name="Banner Campaigns">{2B178115-EB9A-4D2A-8BFC-A949307272D2}</ImportCollection>
	<Resource name="fpiebfooterfpi.jpg" type="www" path="images" />
	<Resource name="fpiebheaderfpi.jpg" type="www" path="images" />
	<Resource name="styles.css" type="www" path="newsletterAddon" />
	<Resource name="script.js" type="www" path="newsletterAddon" />
	<Resource name="CPBase.dll" type="executable" path="" />
	<Resource name="ContensiveDbModels.dll" type="executable" path="" />
	<Resource name="HtmlAgilityPack.dll" type="executable" path="" />
	<Resource name="Nustache.Core.dll" type="executable" path="" />
	<Resource name="aoNewsletter2.dll" type="executable" path="" />
</Collection>